lat_round,long_round,orders,trips,order2trip
55.4,37.9,47,47,1.0
55.41,37.89,471,471,1.0
55.41,37.9,1602,1602,1.0
55.41,37.91,583,583,1.0
55.42,37.89,335,335,1.0
55.42,37.9,1393,1393,1.0
55.42,37.91,476,476,1.0
55.46,37.55,1,1,1.0
55.46,37.56,4,4,1.0
55.46,37.57,4,4,1.0
55.46,37.58,4,4,1.0
55.46,37.59,5,5,1.0
55.46,37.6,7,7,1.0
55.46,37.61,8,8,1.0
55.46,37.62,7,7,1.0
55.46,37.63,7,7,1.0
55.46,37.64,5,5,1.0
55.46,37.65,5,5,1.0
55.46,37.66,2,2,1.0
55.46,37.67,1,1,1.0
55.46,37.69,1,1,1.0
55.47,37.51,1,1,1.0
55.47,37.52,2,2,1.0
55.47,37.53,5,5,1.0
55.47,37.54,6,6,1.0
55.47,37.55,6,6,1.0
55.47,37.56,3,3,1.0
55.47,37.57,8,8,1.0
55.47,37.58,8,8,1.0
55.47,37.59,6,6,1.0
55.47,37.6,3,3,1.0
55.47,37.61,12,12,1.0
55.47,37.62,8,8,1.0
55.47,37.63,7,7,1.0
55.47,37.64,12,12,1.0
55.47,37.65,5,5,1.0
55.47,37.66,3,3,1.0
55.47,37.67,11,11,1.0
55.47,37.68,6,6,1.0
55.47,37.69,6,6,1.0
55.47,37.7,1,1,1.0
55.47,37.71,1,1,1.0
55.47,37.72,1,1,1.0
55.48,37.49,4,4,1.0
55.48,37.5,5,5,1.0
55.48,37.51,9,9,1.0
55.48,37.52,8,8,1.0
55.48,37.53,3,3,1.0
55.48,37.54,7,7,1.0
55.48,37.55,7,7,1.0
55.48,37.56,7,7,1.0
55.48,37.57,7,7,1.0
55.48,37.58,6,6,1.0
55.48,37.59,7,7,1.0
55.48,37.6,7,7,1.0
55.48,37.61,4,4,1.0
55.48,37.62,6,6,1.0
55.48,37.63,5,5,1.0
55.48,37.64,7,7,1.0
55.48,37.66,10,10,1.0
55.48,37.67,10,10,1.0
55.48,37.68,3,3,1.0
55.48,37.69,7,7,1.0
55.48,37.7,4,4,1.0
55.48,37.71,8,8,1.0
55.48,37.72,11,11,1.0
55.48,37.73,3,3,1.0
55.48,37.74,1,1,1.0
55.49,37.48,7,7,1.0
55.49,37.49,7,7,1.0
55.49,37.5,2,2,1.0
55.49,37.51,8,8,1.0
55.49,37.52,7,7,1.0
55.49,37.53,6,6,1.0
55.49,37.54,7,7,1.0
55.49,37.55,7,7,1.0
55.49,37.56,11,11,1.0
55.49,37.57,6,6,1.0
55.49,37.58,6,6,1.0
55.49,37.59,10,10,1.0
55.49,37.6,5,5,1.0
55.49,37.61,5,5,1.0
55.49,37.62,10,10,1.0
55.49,37.63,7,7,1.0
55.49,37.64,8,8,1.0
55.49,37.65,8,8,1.0
55.49,37.66,9,9,1.0
55.49,37.67,12,12,1.0
55.49,37.68,8,8,1.0
55.49,37.69,4,4,1.0
55.49,37.7,11,11,1.0
55.49,37.71,10,10,1.0
55.49,37.72,6,6,1.0
55.49,37.73,4,4,1.0
55.49,37.74,8,8,1.0
55.49,37.75,9,9,1.0
55.49,37.76,1,1,1.0
55.5,37.46,4,4,1.0
55.5,37.47,7,7,1.0
55.5,37.48,6,6,1.0
55.5,37.49,6,6,1.0
55.5,37.5,6,6,1.0
55.5,37.51,6,6,1.0
55.5,37.52,5,5,1.0
55.5,37.53,4,4,1.0
55.5,37.54,6,6,1.0
55.5,37.55,7,7,1.0
55.5,37.56,6,6,1.0
55.5,37.57,11,11,1.0
55.5,37.58,9,9,1.0
55.5,37.59,8,8,1.0
55.5,37.6,6,6,1.0
55.5,37.61,6,6,1.0
55.5,37.62,8,8,1.0
55.5,37.63,5,5,1.0
55.5,37.64,4,4,1.0
55.5,37.65,11,11,1.0
55.5,37.66,10,10,1.0
55.5,37.67,2,2,1.0
55.5,37.68,6,6,1.0
55.5,37.69,8,8,1.0
55.5,37.7,9,9,1.0
55.5,37.71,9,9,1.0
55.5,37.72,6,6,1.0
55.5,37.73,7,7,1.0
55.5,37.74,7,7,1.0
55.5,37.75,5,5,1.0
55.5,37.76,5,5,1.0
55.5,37.77,8,8,1.0
55.51,37.44,1,1,1.0
55.51,37.45,6,6,1.0
55.51,37.46,10,10,1.0
55.51,37.47,4,4,1.0
55.51,37.48,6,6,1.0
55.51,37.49,5,5,1.0
55.51,37.5,5,5,1.0
55.51,37.51,8,8,1.0
55.51,37.52,6,6,1.0
55.51,37.53,7,7,1.0
55.51,37.54,9,9,1.0
55.51,37.55,9,9,1.0
55.51,37.56,7,7,1.0
55.51,37.57,12,12,1.0
55.51,37.58,5,5,1.0
55.51,37.59,7,7,1.0
55.51,37.6,4,4,1.0
55.51,37.61,6,6,1.0
55.51,37.62,7,7,1.0
55.51,37.63,6,6,1.0
55.51,37.64,8,8,1.0
55.51,37.65,6,6,1.0
55.51,37.66,5,5,1.0
55.51,37.67,4,4,1.0
55.51,37.68,13,13,1.0
55.51,37.69,8,8,1.0
55.51,37.7,6,6,1.0
55.51,37.71,8,8,1.0
55.51,37.72,4,4,1.0
55.51,37.73,4,4,1.0
55.51,37.74,4,4,1.0
55.51,37.75,6,6,1.0
55.51,37.76,8,8,1.0
55.51,37.77,9,9,1.0
55.51,37.78,3,3,1.0
55.51,37.79,6,6,1.0
55.52,37.43,3,3,1.0
55.52,37.44,14,14,1.0
55.52,37.45,5,5,1.0
55.52,37.46,7,7,1.0
55.52,37.47,10,10,1.0
55.52,37.48,6,6,1.0
55.52,37.49,10,10,1.0
55.52,37.5,4,4,1.0
55.52,37.51,10,10,1.0
55.52,37.52,3,3,1.0
55.52,37.53,11,11,1.0
55.52,37.54,9,9,1.0
55.52,37.55,7,7,1.0
55.52,37.56,9,9,1.0
55.52,37.57,6,6,1.0
55.52,37.58,8,8,1.0
55.52,37.59,6,6,1.0
55.52,37.6,7,7,1.0
55.52,37.61,6,6,1.0
55.52,37.62,6,6,1.0
55.52,37.63,9,9,1.0
55.52,37.64,10,10,1.0
55.52,37.65,5,5,1.0
55.52,37.66,7,7,1.0
55.52,37.67,15,15,1.0
55.52,37.68,5,5,1.0
55.52,37.69,7,7,1.0
55.52,37.7,9,9,1.0
55.52,37.71,4,4,1.0
55.52,37.72,11,11,1.0
55.52,37.73,4,4,1.0
55.52,37.74,7,7,1.0
55.52,37.75,5,5,1.0
55.52,37.76,5,5,1.0
55.52,37.77,13,13,1.0
55.52,37.78,5,5,1.0
55.52,37.79,6,6,1.0
55.52,37.8,7,7,1.0
55.53,37.42,1,1,1.0
55.53,37.43,9,9,1.0
55.53,37.44,7,7,1.0
55.53,37.45,12,12,1.0
55.53,37.46,9,9,1.0
55.53,37.47,4,4,1.0
55.53,37.48,3,3,1.0
55.53,37.49,7,7,1.0
55.53,37.5,9,9,1.0
55.53,37.51,7,7,1.0
55.53,37.52,10,10,1.0
55.53,37.53,4,4,1.0
55.53,37.54,7,7,1.0
55.53,37.55,8,8,1.0
55.53,37.56,4,4,1.0
55.53,37.57,6,6,1.0
55.53,37.58,5,5,1.0
55.53,37.59,9,9,1.0
55.53,37.6,8,8,1.0
55.53,37.61,3,3,1.0
55.53,37.62,3,3,1.0
55.53,37.63,7,7,1.0
55.53,37.64,16,16,1.0
55.53,37.65,3,3,1.0
55.53,37.66,4,4,1.0
55.53,37.67,4,4,1.0
55.53,37.68,7,7,1.0
55.53,37.69,8,8,1.0
55.53,37.7,7,7,1.0
55.53,37.71,5,5,1.0
55.53,37.72,14,14,1.0
55.53,37.73,5,5,1.0
55.53,37.74,4,4,1.0
55.53,37.75,7,7,1.0
55.53,37.76,10,10,1.0
55.53,37.77,9,9,1.0
55.53,37.78,3,3,1.0
55.53,37.79,10,10,1.0
55.53,37.8,9,9,1.0
55.53,37.81,7,7,1.0
55.54,37.41,5,5,1.0
55.54,37.42,12,12,1.0
55.54,37.43,10,10,1.0
55.54,37.44,9,9,1.0
55.54,37.45,4,4,1.0
55.54,37.46,7,7,1.0
55.54,37.47,13,13,1.0
55.54,37.48,3,3,1.0
55.54,37.49,7,7,1.0
55.54,37.5,5,5,1.0
55.54,37.51,4,4,1.0
55.54,37.52,8,8,1.0
55.54,37.53,4,4,1.0
55.54,37.54,8,8,1.0
55.54,37.55,8,8,1.0
55.54,37.56,8,8,1.0
55.54,37.57,8,8,1.0
55.54,37.58,8,8,1.0
55.54,37.59,7,7,1.0
55.54,37.6,5,5,1.0
55.54,37.61,4,4,1.0
55.54,37.62,6,6,1.0
55.54,37.63,2,2,1.0
55.54,37.64,12,12,1.0
55.54,37.65,7,7,1.0
55.54,37.66,6,6,1.0
55.54,37.67,9,9,1.0
55.54,37.68,7,7,1.0
55.54,37.69,8,8,1.0
55.54,37.7,3,3,1.0
55.54,37.71,6,6,1.0
55.54,37.72,5,5,1.0
55.54,37.73,10,10,1.0
55.54,37.74,10,10,1.0
55.54,37.75,7,7,1.0
55.54,37.76,15,15,1.0
55.54,37.77,8,8,1.0
55.54,37.78,8,8,1.0
55.54,37.79,7,7,1.0
55.54,37.8,8,8,1.0
55.54,37.81,5,5,1.0
55.54,37.82,2,2,1.0
55.54,37.83,2,2,1.0
55.55,37.4,3,3,1.0
55.55,37.41,12,12,1.0
55.55,37.42,8,8,1.0
55.55,37.43,8,8,1.0
55.55,37.44,10,10,1.0
55.55,37.45,5,5,1.0
55.55,37.46,5,5,1.0
55.55,37.47,6,6,1.0
55.55,37.48,4,4,1.0
55.55,37.49,9,9,1.0
55.55,37.5,7,7,1.0
55.55,37.51,5,5,1.0
55.55,37.52,9,9,1.0
55.55,37.53,4,4,1.0
55.55,37.54,10,10,1.0
55.55,37.55,6,6,1.0
55.55,37.56,8,8,1.0
55.55,37.57,3,3,1.0
55.55,37.58,11,11,1.0
55.55,37.59,6,6,1.0
55.55,37.6,13,13,1.0
55.55,37.61,6,6,1.0
55.55,37.62,10,10,1.0
55.55,37.63,5,5,1.0
55.55,37.64,6,6,1.0
55.55,37.65,6,6,1.0
55.55,37.66,6,6,1.0
55.55,37.67,6,6,1.0
55.55,37.68,6,6,1.0
55.55,37.69,5,5,1.0
55.55,37.7,13,13,1.0
55.55,37.71,7,7,1.0
55.55,37.72,11,11,1.0
55.55,37.73,7,7,1.0
55.55,37.74,7,7,1.0
55.55,37.75,7,7,1.0
55.55,37.76,5,5,1.0
55.55,37.77,7,7,1.0
55.55,37.78,6,6,1.0
55.55,37.79,7,7,1.0
55.55,37.8,8,8,1.0
55.55,37.81,11,11,1.0
55.55,37.82,4,4,1.0
55.55,37.83,6,6,1.0
55.55,37.84,2,2,1.0
55.56,37.39,4,4,1.0
55.56,37.4,5,5,1.0
55.56,37.41,11,11,1.0
55.56,37.42,6,6,1.0
55.56,37.43,3,3,1.0
55.56,37.44,10,10,1.0
55.56,37.45,7,7,1.0
55.56,37.46,7,7,1.0
55.56,37.47,7,7,1.0
55.56,37.48,4,4,1.0
55.56,37.49,4,4,1.0
55.56,37.5,9,9,1.0
55.56,37.51,6,6,1.0
55.56,37.52,11,11,1.0
55.56,37.53,5,5,1.0
55.56,37.54,4,4,1.0
55.56,37.55,8,8,1.0
55.56,37.56,5,5,1.0
55.56,37.57,6,6,1.0
55.56,37.58,8,8,1.0
55.56,37.59,11,11,1.0
55.56,37.6,4,4,1.0
55.56,37.61,10,10,1.0
55.56,37.62,9,9,1.0
55.56,37.63,3,3,1.0
55.56,37.64,7,7,1.0
55.56,37.65,5,5,1.0
55.56,37.66,8,8,1.0
55.56,37.67,1,1,1.0
55.56,37.68,4,4,1.0
55.56,37.69,12,12,1.0
55.56,37.7,6,6,1.0
55.56,37.71,6,6,1.0
55.56,37.72,9,9,1.0
55.56,37.73,8,8,1.0
55.56,37.74,10,10,1.0
55.56,37.75,3,3,1.0
55.56,37.76,5,5,1.0
55.56,37.77,12,12,1.0
55.56,37.78,9,9,1.0
55.56,37.79,9,9,1.0
55.56,37.8,9,9,1.0
55.56,37.81,8,8,1.0
55.56,37.82,11,11,1.0
55.56,37.83,6,6,1.0
55.56,37.84,7,7,1.0
55.56,37.85,3,3,1.0
55.57,37.38,2,2,1.0
55.57,37.39,6,6,1.0
55.57,37.4,14,14,1.0
55.57,37.41,9,9,1.0
55.57,37.42,8,8,1.0
55.57,37.43,9,9,1.0
55.57,37.44,14,14,1.0
55.57,37.45,10,10,1.0
55.57,37.46,12,12,1.0
55.57,37.47,6,6,1.0
55.57,37.48,6,6,1.0
55.57,37.49,6,6,1.0
55.57,37.5,6,6,1.0
55.57,37.51,10,10,1.0
55.57,37.52,3,3,1.0
55.57,37.53,12,12,1.0
55.57,37.54,4,4,1.0
55.57,37.55,7,7,1.0
55.57,37.56,4,4,1.0
55.57,37.57,7,7,1.0
55.57,37.58,8,8,1.0
55.57,37.59,6,6,1.0
55.57,37.6,7,7,1.0
55.57,37.61,9,9,1.0
55.57,37.62,8,8,1.0
55.57,37.63,6,6,1.0
55.57,37.64,6,6,1.0
55.57,37.65,15,15,1.0
55.57,37.66,7,7,1.0
55.57,37.67,5,5,1.0
55.57,37.68,2,2,1.0
55.57,37.69,8,8,1.0
55.57,37.7,6,6,1.0
55.57,37.71,11,11,1.0
55.57,37.72,10,10,1.0
55.57,37.73,8,8,1.0
55.57,37.74,2,2,1.0
55.57,37.75,10,10,1.0
55.57,37.76,2,2,1.0
55.57,37.77,8,8,1.0
55.57,37.78,7,7,1.0
55.57,37.79,7,7,1.0
55.57,37.8,7,7,1.0
55.57,37.81,8,8,1.0
55.57,37.82,8,8,1.0
55.57,37.83,5,5,1.0
55.57,37.84,7,7,1.0
55.57,37.85,5,5,1.0
55.58,37.25,10,10,1.0
55.58,37.26,487,487,1.0
55.58,37.27,95,95,1.0
55.58,37.37,2,2,1.0
55.58,37.38,11,11,1.0
55.58,37.39,7,7,1.0
55.58,37.4,4,4,1.0
55.58,37.41,8,8,1.0
55.58,37.42,10,10,1.0
55.58,37.43,4,4,1.0
55.58,37.44,8,8,1.0
55.58,37.45,10,10,1.0
55.58,37.46,7,7,1.0
55.58,37.47,9,9,1.0
55.58,37.48,10,10,1.0
55.58,37.49,9,9,1.0
55.58,37.5,6,6,1.0
55.58,37.51,8,8,1.0
55.58,37.52,8,8,1.0
55.58,37.53,7,7,1.0
55.58,37.54,8,8,1.0
55.58,37.55,6,6,1.0
55.58,37.56,4,4,1.0
55.58,37.57,8,8,1.0
55.58,37.58,11,11,1.0
55.58,37.59,5,5,1.0
55.58,37.6,7,7,1.0
55.58,37.61,13,13,1.0
55.58,37.62,6,6,1.0
55.58,37.63,7,7,1.0
55.58,37.64,9,9,1.0
55.58,37.65,6,6,1.0
55.58,37.66,6,6,1.0
55.58,37.67,7,7,1.0
55.58,37.68,5,5,1.0
55.58,37.69,8,8,1.0
55.58,37.7,8,8,1.0
55.58,37.71,9,9,1.0
55.58,37.72,4,4,1.0
55.58,37.73,13,13,1.0
55.58,37.74,11,11,1.0
55.58,37.75,1,1,1.0
55.58,37.76,8,8,1.0
55.58,37.77,10,10,1.0
55.58,37.78,4,4,1.0
55.58,37.79,9,9,1.0
55.58,37.8,14,14,1.0
55.58,37.81,8,8,1.0
55.58,37.82,7,7,1.0
55.58,37.83,4,4,1.0
55.58,37.84,7,7,1.0
55.58,37.85,3,3,1.0
55.58,37.86,4,4,1.0
55.59,37.25,520,520,1.0
55.59,37.26,1571,1571,1.0
55.59,37.27,934,934,1.0
55.59,37.37,3,3,1.0
55.59,37.38,6,6,1.0
55.59,37.39,8,8,1.0
55.59,37.4,11,11,1.0
55.59,37.41,8,8,1.0
55.59,37.42,1,1,1.0
55.59,37.43,14,14,1.0
55.59,37.44,4,4,1.0
55.59,37.45,8,8,1.0
55.59,37.46,10,10,1.0
55.59,37.47,9,9,1.0
55.59,37.48,6,6,1.0
55.59,37.49,10,10,1.0
55.59,37.5,7,7,1.0
55.59,37.51,10,10,1.0
55.59,37.52,5,5,1.0
55.59,37.53,12,12,1.0
55.59,37.54,6,6,1.0
55.59,37.55,10,10,1.0
55.59,37.56,7,7,1.0
55.59,37.57,6,6,1.0
55.59,37.58,8,8,1.0
55.59,37.59,8,8,1.0
55.59,37.6,9,9,1.0
55.59,37.61,7,7,1.0
55.59,37.62,4,4,1.0
55.59,37.63,4,4,1.0
55.59,37.64,8,8,1.0
55.59,37.65,5,5,1.0
55.59,37.66,7,7,1.0
55.59,37.67,6,6,1.0
55.59,37.68,5,5,1.0
55.59,37.69,6,6,1.0
55.59,37.7,7,7,1.0
55.59,37.71,10,10,1.0
55.59,37.72,3,3,1.0
55.59,37.73,3,3,1.0
55.59,37.74,6,6,1.0
55.59,37.75,5,5,1.0
55.59,37.76,6,6,1.0
55.59,37.77,8,8,1.0
55.59,37.78,7,7,1.0
55.59,37.79,11,11,1.0
55.59,37.8,2,2,1.0
55.59,37.81,5,5,1.0
55.59,37.82,6,6,1.0
55.59,37.83,8,8,1.0
55.59,37.84,5,5,1.0
55.59,37.85,5,5,1.0
55.59,37.86,5,5,1.0
55.59,37.87,1,1,1.0
55.6,37.25,106,106,1.0
55.6,37.26,913,913,1.0
55.6,37.27,343,343,1.0
55.6,37.36,3,3,1.0
55.6,37.37,10,10,1.0
55.6,37.38,5,5,1.0
55.6,37.39,12,12,1.0
55.6,37.4,8,8,1.0
55.6,37.41,11,11,1.0
55.6,37.42,6,6,1.0
55.6,37.43,4,4,1.0
55.6,37.44,6,6,1.0
55.6,37.45,7,7,1.0
55.6,37.46,9,9,1.0
55.6,37.47,9,9,1.0
55.6,37.48,10,10,1.0
55.6,37.49,9,9,1.0
55.6,37.5,6,6,1.0
55.6,37.51,12,12,1.0
55.6,37.52,7,7,1.0
55.6,37.53,4,4,1.0
55.6,37.54,7,7,1.0
55.6,37.55,8,8,1.0
55.6,37.56,9,9,1.0
55.6,37.57,6,6,1.0
55.6,37.58,9,9,1.0
55.6,37.59,9,9,1.0
55.6,37.6,2,2,1.0
55.6,37.61,12,12,1.0
55.6,37.62,6,6,1.0
55.6,37.63,14,14,1.0
55.6,37.64,9,9,1.0
55.6,37.65,10,10,1.0
55.6,37.66,5,5,1.0
55.6,37.67,5,5,1.0
55.6,37.68,3,3,1.0
55.6,37.69,6,6,1.0
55.6,37.7,9,9,1.0
55.6,37.71,7,7,1.0
55.6,37.72,5,5,1.0
55.6,37.73,5,5,1.0
55.6,37.74,10,10,1.0
55.6,37.75,8,8,1.0
55.6,37.76,6,6,1.0
55.6,37.77,7,7,1.0
55.6,37.78,5,5,1.0
55.6,37.79,4,4,1.0
55.6,37.8,6,6,1.0
55.6,37.81,10,10,1.0
55.6,37.82,7,7,1.0
55.6,37.83,2,2,1.0
55.6,37.84,9,9,1.0
55.6,37.85,10,10,1.0
55.6,37.86,10,10,1.0
55.61,37.35,2,2,1.0
55.61,37.36,8,8,1.0
55.61,37.37,4,4,1.0
55.61,37.38,8,8,1.0
55.61,37.39,8,8,1.0
55.61,37.4,7,7,1.0
55.61,37.41,12,12,1.0
55.61,37.42,6,6,1.0
55.61,37.43,2,2,1.0
55.61,37.44,11,11,1.0
55.61,37.45,8,8,1.0
55.61,37.46,10,10,1.0
55.61,37.47,11,11,1.0
55.61,37.48,6,6,1.0
55.61,37.49,8,8,1.0
55.61,37.5,5,5,1.0
55.61,37.51,5,5,1.0
55.61,37.52,3,3,1.0
55.61,37.53,8,8,1.0
55.61,37.54,3,3,1.0
55.61,37.55,9,9,1.0
55.61,37.56,10,10,1.0
55.61,37.57,13,13,1.0
55.61,37.58,6,6,1.0
55.61,37.59,5,5,1.0
55.61,37.6,5,5,1.0
55.61,37.61,3,3,1.0
55.61,37.62,10,10,1.0
55.61,37.63,7,7,1.0
55.61,37.64,5,5,1.0
55.61,37.65,12,12,1.0
55.61,37.66,11,11,1.0
55.61,37.67,6,6,1.0
55.61,37.68,4,4,1.0
55.61,37.69,5,5,1.0
55.61,37.7,7,7,1.0
55.61,37.71,8,8,1.0
55.61,37.72,5,5,1.0
55.61,37.73,3,3,1.0
55.61,37.74,6,6,1.0
55.61,37.75,6,6,1.0
55.61,37.76,8,8,1.0
55.61,37.77,8,8,1.0
55.61,37.78,9,9,1.0
55.61,37.79,3,3,1.0
55.61,37.8,12,12,1.0
55.61,37.81,8,8,1.0
55.61,37.82,6,6,1.0
55.61,37.83,6,6,1.0
55.61,37.84,9,9,1.0
55.61,37.85,9,9,1.0
55.61,37.86,3,3,1.0
55.61,37.87,8,8,1.0
55.61,37.88,6,6,1.0
55.62,37.35,3,3,1.0
55.62,37.36,11,11,1.0
55.62,37.37,10,10,1.0
55.62,37.38,3,3,1.0
55.62,37.39,7,7,1.0
55.62,37.4,10,10,1.0
55.62,37.41,7,7,1.0
55.62,37.42,8,8,1.0
55.62,37.43,5,5,1.0
55.62,37.44,12,12,1.0
55.62,37.45,9,9,1.0
55.62,37.46,6,6,1.0
55.62,37.47,5,5,1.0
55.62,37.48,8,8,1.0
55.62,37.49,8,8,1.0
55.62,37.5,9,9,1.0
55.62,37.51,6,6,1.0
55.62,37.52,6,6,1.0
55.62,37.53,10,10,1.0
55.62,37.54,13,13,1.0
55.62,37.55,8,8,1.0
55.62,37.56,5,5,1.0
55.62,37.57,7,7,1.0
55.62,37.58,5,5,1.0
55.62,37.59,6,6,1.0
55.62,37.6,7,7,1.0
55.62,37.61,8,8,1.0
55.62,37.62,8,8,1.0
55.62,37.63,6,6,1.0
55.62,37.64,4,4,1.0
55.62,37.65,8,8,1.0
55.62,37.66,5,5,1.0
55.62,37.67,6,6,1.0
55.62,37.68,7,7,1.0
55.62,37.69,4,4,1.0
55.62,37.7,13,13,1.0
55.62,37.71,3,3,1.0
55.62,37.72,5,5,1.0
55.62,37.73,4,4,1.0
55.62,37.74,11,11,1.0
55.62,37.75,7,7,1.0
55.62,37.76,11,11,1.0
55.62,37.77,8,8,1.0
55.62,37.78,3,3,1.0
55.62,37.79,8,8,1.0
55.62,37.8,14,14,1.0
55.62,37.81,7,7,1.0
55.62,37.82,9,9,1.0
55.62,37.83,7,7,1.0
55.62,37.84,7,7,1.0
55.62,37.85,8,8,1.0
55.62,37.86,9,9,1.0
55.62,37.87,1,1,1.0
55.62,37.88,5,5,1.0
55.62,37.89,1,1,1.0
55.63,37.35,11,11,1.0
55.63,37.36,9,9,1.0
55.63,37.37,7,7,1.0
55.63,37.38,7,7,1.0
55.63,37.39,8,8,1.0
55.63,37.4,5,5,1.0
55.63,37.41,6,6,1.0
55.63,37.42,8,8,1.0
55.63,37.43,8,8,1.0
55.63,37.44,11,11,1.0
55.63,37.45,13,13,1.0
55.63,37.46,6,6,1.0
55.63,37.47,10,10,1.0
55.63,37.48,7,7,1.0
55.63,37.49,8,8,1.0
55.63,37.5,6,6,1.0
55.63,37.51,6,6,1.0
55.63,37.52,9,9,1.0
55.63,37.53,12,12,1.0
55.63,37.54,9,9,1.0
55.63,37.55,6,6,1.0
55.63,37.56,7,7,1.0
55.63,37.57,7,7,1.0
55.63,37.58,10,10,1.0
55.63,37.59,10,10,1.0
55.63,37.6,9,9,1.0
55.63,37.61,12,12,1.0
55.63,37.62,8,8,1.0
55.63,37.63,10,10,1.0
55.63,37.64,5,5,1.0
55.63,37.65,4,4,1.0
55.63,37.67,7,7,1.0
55.63,37.68,5,5,1.0
55.63,37.69,10,10,1.0
55.63,37.7,5,5,1.0
55.63,37.71,11,11,1.0
55.63,37.72,7,7,1.0
55.63,37.73,9,9,1.0
55.63,37.74,6,6,1.0
55.63,37.75,6,6,1.0
55.63,37.76,4,4,1.0
55.63,37.77,11,11,1.0
55.63,37.78,6,6,1.0
55.63,37.79,4,4,1.0
55.63,37.8,2,2,1.0
55.63,37.81,8,8,1.0
55.63,37.82,6,6,1.0
55.63,37.83,8,8,1.0
55.63,37.84,7,7,1.0
55.63,37.85,11,11,1.0
55.63,37.86,6,6,1.0
55.63,37.87,9,9,1.0
55.63,37.88,8,8,1.0
55.63,37.89,2,2,1.0
55.64,37.34,2,2,1.0
55.64,37.35,10,10,1.0
55.64,37.36,2,2,1.0
55.64,37.37,7,7,1.0
55.64,37.38,13,13,1.0
55.64,37.39,5,5,1.0
55.64,37.4,5,5,1.0
55.64,37.41,9,9,1.0
55.64,37.42,9,9,1.0
55.64,37.43,9,9,1.0
55.64,37.44,4,4,1.0
55.64,37.45,5,5,1.0
55.64,37.46,8,8,1.0
55.64,37.47,9,9,1.0
55.64,37.48,4,4,1.0
55.64,37.49,7,7,1.0
55.64,37.5,11,11,1.0
55.64,37.51,6,6,1.0
55.64,37.52,3,3,1.0
55.64,37.53,4,4,1.0
55.64,37.54,9,9,1.0
55.64,37.55,9,9,1.0
55.64,37.56,12,12,1.0
55.64,37.57,5,5,1.0
55.64,37.58,4,4,1.0
55.64,37.59,8,8,1.0
55.64,37.6,8,8,1.0
55.64,37.61,6,6,1.0
55.64,37.62,10,10,1.0
55.64,37.63,9,9,1.0
55.64,37.64,11,11,1.0
55.64,37.65,5,5,1.0
55.64,37.66,4,4,1.0
55.64,37.67,4,4,1.0
55.64,37.68,6,6,1.0
55.64,37.69,2,2,1.0
55.64,37.7,5,5,1.0
55.64,37.71,5,5,1.0
55.64,37.72,9,9,1.0
55.64,37.73,9,9,1.0
55.64,37.74,6,6,1.0
55.64,37.75,3,3,1.0
55.64,37.76,11,11,1.0
55.64,37.77,14,14,1.0
55.64,37.78,7,7,1.0
55.64,37.79,12,12,1.0
55.64,37.8,3,3,1.0
55.64,37.81,7,7,1.0
55.64,37.82,3,3,1.0
55.64,37.83,6,6,1.0
55.64,37.84,6,6,1.0
55.64,37.85,7,7,1.0
55.64,37.86,8,8,1.0
55.64,37.87,8,8,1.0
55.64,37.88,13,13,1.0
55.64,37.89,9,9,1.0
55.65,37.34,8,8,1.0
55.65,37.35,7,7,1.0
55.65,37.36,6,6,1.0
55.65,37.37,8,8,1.0
55.65,37.38,11,11,1.0
55.65,37.39,8,8,1.0
55.65,37.4,11,11,1.0
55.65,37.41,2,2,1.0
55.65,37.42,9,9,1.0
55.65,37.43,11,11,1.0
55.65,37.44,6,6,1.0
55.65,37.45,9,9,1.0
55.65,37.46,3,3,1.0
55.65,37.47,5,5,1.0
55.65,37.48,5,5,1.0
55.65,37.49,5,5,1.0
55.65,37.5,5,5,1.0
55.65,37.51,7,7,1.0
55.65,37.52,10,10,1.0
55.65,37.53,5,5,1.0
55.65,37.54,8,8,1.0
55.65,37.55,4,4,1.0
55.65,37.56,5,5,1.0
55.65,37.57,4,4,1.0
55.65,37.58,6,6,1.0
55.65,37.59,9,9,1.0
55.65,37.6,16,16,1.0
55.65,37.61,4,4,1.0
55.65,37.62,5,5,1.0
55.65,37.63,8,8,1.0
55.65,37.64,11,11,1.0
55.65,37.65,6,6,1.0
55.65,37.66,5,5,1.0
55.65,37.67,3,3,1.0
55.65,37.68,3,3,1.0
55.65,37.69,6,6,1.0
55.65,37.7,9,9,1.0
55.65,37.71,5,5,1.0
55.65,37.72,7,7,1.0
55.65,37.73,10,10,1.0
55.65,37.74,7,7,1.0
55.65,37.75,7,7,1.0
55.65,37.76,5,5,1.0
55.65,37.77,6,6,1.0
55.65,37.78,8,8,1.0
55.65,37.79,2,2,1.0
55.65,37.8,8,8,1.0
55.65,37.81,4,4,1.0
55.65,37.82,10,10,1.0
55.65,37.83,8,8,1.0
55.65,37.84,6,6,1.0
55.65,37.85,7,7,1.0
55.65,37.86,7,7,1.0
55.65,37.87,9,9,1.0
55.65,37.88,6,6,1.0
55.65,37.89,4,4,1.0
55.65,37.9,3,3,1.0
55.66,37.33,1,1,1.0
55.66,37.34,10,10,1.0
55.66,37.35,4,4,1.0
55.66,37.36,7,7,1.0
55.66,37.37,8,8,1.0
55.66,37.38,11,11,1.0
55.66,37.39,6,6,1.0
55.66,37.4,4,4,1.0
55.66,37.41,11,11,1.0
55.66,37.42,8,8,1.0
55.66,37.43,9,9,1.0
55.66,37.44,4,4,1.0
55.66,37.45,7,7,1.0
55.66,37.46,2,2,1.0
55.66,37.47,5,5,1.0
55.66,37.48,9,9,1.0
55.66,37.49,2,2,1.0
55.66,37.5,4,4,1.0
55.66,37.51,8,8,1.0
55.66,37.52,9,9,1.0
55.66,37.53,11,11,1.0
55.66,37.54,12,12,1.0
55.66,37.55,5,5,1.0
55.66,37.56,7,7,1.0
55.66,37.57,8,8,1.0
55.66,37.58,4,4,1.0
55.66,37.59,11,11,1.0
55.66,37.6,5,5,1.0
55.66,37.61,7,7,1.0
55.66,37.62,3,3,1.0
55.66,37.63,8,8,1.0
55.66,37.64,9,9,1.0
55.66,37.65,8,8,1.0
55.66,37.66,4,4,1.0
55.66,37.67,7,7,1.0
55.66,37.68,8,8,1.0
55.66,37.69,7,7,1.0
55.66,37.7,10,10,1.0
55.66,37.71,8,8,1.0
55.66,37.72,8,8,1.0
55.66,37.73,11,11,1.0
55.66,37.74,7,7,1.0
55.66,37.75,10,10,1.0
55.66,37.76,4,4,1.0
55.66,37.77,7,7,1.0
55.66,37.78,6,6,1.0
55.66,37.79,7,7,1.0
55.66,37.8,6,6,1.0
55.66,37.81,7,7,1.0
55.66,37.82,10,10,1.0
55.66,37.83,7,7,1.0
55.66,37.84,6,6,1.0
55.66,37.85,9,9,1.0
55.66,37.86,7,7,1.0
55.66,37.87,4,4,1.0
55.66,37.88,6,6,1.0
55.66,37.89,8,8,1.0
55.66,37.9,4,4,1.0
55.67,37.33,3,3,1.0
55.67,37.34,7,7,1.0
55.67,37.35,11,11,1.0
55.67,37.36,8,8,1.0
55.67,37.37,8,8,1.0
55.67,37.38,3,3,1.0
55.67,37.39,4,4,1.0
55.67,37.4,6,6,1.0
55.67,37.41,7,7,1.0
55.67,37.42,11,11,1.0
55.67,37.43,14,14,1.0
55.67,37.44,12,12,1.0
55.67,37.45,8,8,1.0
55.67,37.46,7,7,1.0
55.67,37.47,3,3,1.0
55.67,37.48,7,7,1.0
55.67,37.49,6,6,1.0
55.67,37.5,14,14,1.0
55.67,37.51,6,6,1.0
55.67,37.52,7,7,1.0
55.67,37.53,5,5,1.0
55.67,37.54,8,8,1.0
55.67,37.55,9,9,1.0
55.67,37.56,4,4,1.0
55.67,37.57,7,7,1.0
55.67,37.58,9,9,1.0
55.67,37.59,4,4,1.0
55.67,37.6,10,10,1.0
55.67,37.61,7,7,1.0
55.67,37.62,4,4,1.0
55.67,37.63,10,10,1.0
55.67,37.64,3,3,1.0
55.67,37.65,11,11,1.0
55.67,37.66,9,9,1.0
55.67,37.67,11,11,1.0
55.67,37.68,4,4,1.0
55.67,37.69,6,6,1.0
55.67,37.7,16,16,1.0
55.67,37.71,3,3,1.0
55.67,37.72,7,7,1.0
55.67,37.73,4,4,1.0
55.67,37.74,6,6,1.0
55.67,37.75,6,6,1.0
55.67,37.76,11,11,1.0
55.67,37.77,10,10,1.0
55.67,37.78,9,9,1.0
55.67,37.79,7,7,1.0
55.67,37.8,10,10,1.0
55.67,37.81,7,7,1.0
55.67,37.82,8,8,1.0
55.67,37.83,8,8,1.0
55.67,37.84,7,7,1.0
55.67,37.85,9,9,1.0
55.67,37.86,5,5,1.0
55.67,37.87,6,6,1.0
55.67,37.88,7,7,1.0
55.67,37.89,7,7,1.0
55.67,37.9,8,8,1.0
55.68,37.33,4,4,1.0
55.68,37.34,11,11,1.0
55.68,37.35,6,6,1.0
55.68,37.36,5,5,1.0
55.68,37.37,6,6,1.0
55.68,37.38,4,4,1.0
55.68,37.39,8,8,1.0
55.68,37.4,6,6,1.0
55.68,37.41,4,4,1.0
55.68,37.42,4,4,1.0
55.68,37.43,10,10,1.0
55.68,37.44,7,7,1.0
55.68,37.45,5,5,1.0
55.68,37.46,8,8,1.0
55.68,37.47,7,7,1.0
55.68,37.48,8,8,1.0
55.68,37.49,6,6,1.0
55.68,37.5,8,8,1.0
55.68,37.51,8,8,1.0
55.68,37.52,7,7,1.0
55.68,37.53,7,7,1.0
55.68,37.54,11,11,1.0
55.68,37.55,7,7,1.0
55.68,37.56,6,6,1.0
55.68,37.57,7,7,1.0
55.68,37.58,7,7,1.0
55.68,37.59,5,5,1.0
55.68,37.6,7,7,1.0
55.68,37.61,4,4,1.0
55.68,37.62,7,7,1.0
55.68,37.63,5,5,1.0
55.68,37.64,11,11,1.0
55.68,37.65,10,10,1.0
55.68,37.66,9,9,1.0
55.68,37.67,12,12,1.0
55.68,37.68,8,8,1.0
55.68,37.69,7,7,1.0
55.68,37.7,6,6,1.0
55.68,37.71,8,8,1.0
55.68,37.72,7,7,1.0
55.68,37.73,5,5,1.0
55.68,37.74,3,3,1.0
55.68,37.75,4,4,1.0
55.68,37.76,8,8,1.0
55.68,37.77,5,5,1.0
55.68,37.78,4,4,1.0
55.68,37.79,9,9,1.0
55.68,37.8,4,4,1.0
55.68,37.81,8,8,1.0
55.68,37.82,6,6,1.0
55.68,37.83,3,3,1.0
55.68,37.84,7,7,1.0
55.68,37.85,7,7,1.0
55.68,37.86,5,5,1.0
55.68,37.87,9,9,1.0
55.68,37.88,5,5,1.0
55.68,37.89,7,7,1.0
55.68,37.9,12,12,1.0
55.68,37.91,5,5,1.0
55.69,37.32,2,2,1.0
55.69,37.33,3,3,1.0
55.69,37.34,7,7,1.0
55.69,37.35,10,10,1.0
55.69,37.36,10,10,1.0
55.69,37.37,5,5,1.0
55.69,37.38,7,7,1.0
55.69,37.39,6,6,1.0
55.69,37.4,6,6,1.0
55.69,37.41,10,10,1.0
55.69,37.42,4,4,1.0
55.69,37.43,3,3,1.0
55.69,37.44,9,9,1.0
55.69,37.45,8,8,1.0
55.69,37.46,9,9,1.0
55.69,37.47,7,7,1.0
55.69,37.48,5,5,1.0
55.69,37.49,8,8,1.0
55.69,37.5,5,5,1.0
55.69,37.51,5,5,1.0
55.69,37.52,8,8,1.0
55.69,37.53,11,11,1.0
55.69,37.54,8,8,1.0
55.69,37.55,7,7,1.0
55.69,37.56,12,12,1.0
55.69,37.57,7,7,1.0
55.69,37.58,3,3,1.0
55.69,37.59,6,6,1.0
55.69,37.6,10,10,1.0
55.69,37.61,2,2,1.0
55.69,37.62,5,5,1.0
55.69,37.63,5,5,1.0
55.69,37.64,3,3,1.0
55.69,37.65,10,10,1.0
55.69,37.66,8,8,1.0
55.69,37.67,7,7,1.0
55.69,37.68,5,5,1.0
55.69,37.69,8,8,1.0
55.69,37.7,4,4,1.0
55.69,37.71,6,6,1.0
55.69,37.72,10,10,1.0
55.69,37.73,5,5,1.0
55.69,37.74,6,6,1.0
55.69,37.75,6,6,1.0
55.69,37.76,6,6,1.0
55.69,37.77,5,5,1.0
55.69,37.78,9,9,1.0
55.69,37.79,8,8,1.0
55.69,37.8,6,6,1.0
55.69,37.81,13,13,1.0
55.69,37.82,9,9,1.0
55.69,37.83,7,7,1.0
55.69,37.84,7,7,1.0
55.69,37.85,7,7,1.0
55.69,37.86,7,7,1.0
55.69,37.87,3,3,1.0
55.69,37.88,7,7,1.0
55.69,37.89,9,9,1.0
55.69,37.9,1,1,1.0
55.69,37.91,3,3,1.0
55.7,37.32,1,1,1.0
55.7,37.33,14,14,1.0
55.7,37.34,7,7,1.0
55.7,37.35,7,7,1.0
55.7,37.36,4,4,1.0
55.7,37.37,4,4,1.0
55.7,37.38,10,10,1.0
55.7,37.39,4,4,1.0
55.7,37.4,10,10,1.0
55.7,37.41,10,10,1.0
55.7,37.42,6,6,1.0
55.7,37.43,6,6,1.0
55.7,37.44,10,10,1.0
55.7,37.45,4,4,1.0
55.7,37.46,7,7,1.0
55.7,37.47,15,15,1.0
55.7,37.48,10,10,1.0
55.7,37.49,9,9,1.0
55.7,37.5,14,14,1.0
55.7,37.51,6,6,1.0
55.7,37.52,12,12,1.0
55.7,37.53,5,5,1.0
55.7,37.54,7,7,1.0
55.7,37.55,10,10,1.0
55.7,37.56,8,8,1.0
55.7,37.57,11,11,1.0
55.7,37.58,6,6,1.0
55.7,37.59,7,7,1.0
55.7,37.6,6,6,1.0
55.7,37.61,8,8,1.0
55.7,37.62,10,10,1.0
55.7,37.63,6,6,1.0
55.7,37.64,7,7,1.0
55.7,37.65,10,10,1.0
55.7,37.66,3,3,1.0
55.7,37.67,6,6,1.0
55.7,37.68,3,3,1.0
55.7,37.69,6,6,1.0
55.7,37.7,10,10,1.0
55.7,37.71,3,3,1.0
55.7,37.72,7,7,1.0
55.7,37.73,11,11,1.0
55.7,37.74,2,2,1.0
55.7,37.75,5,5,1.0
55.7,37.76,8,8,1.0
55.7,37.77,6,6,1.0
55.7,37.78,4,4,1.0
55.7,37.79,4,4,1.0
55.7,37.8,7,7,1.0
55.7,37.81,9,9,1.0
55.7,37.82,9,9,1.0
55.7,37.83,12,12,1.0
55.7,37.84,7,7,1.0
55.7,37.85,6,6,1.0
55.7,37.86,5,5,1.0
55.7,37.87,13,13,1.0
55.7,37.88,9,9,1.0
55.7,37.89,9,9,1.0
55.7,37.9,3,3,1.0
55.7,37.91,4,4,1.0
55.71,37.32,3,3,1.0
55.71,37.33,5,5,1.0
55.71,37.34,10,10,1.0
55.71,37.35,2,2,1.0
55.71,37.36,7,7,1.0
55.71,37.37,8,8,1.0
55.71,37.38,5,5,1.0
55.71,37.39,5,5,1.0
55.71,37.4,7,7,1.0
55.71,37.41,5,5,1.0
55.71,37.42,12,12,1.0
55.71,37.43,9,9,1.0
55.71,37.44,2,2,1.0
55.71,37.45,5,5,1.0
55.71,37.46,14,14,1.0
55.71,37.47,8,8,1.0
55.71,37.48,4,4,1.0
55.71,37.49,8,8,1.0
55.71,37.5,5,5,1.0
55.71,37.51,12,12,1.0
55.71,37.52,7,7,1.0
55.71,37.53,4,4,1.0
55.71,37.54,11,11,1.0
55.71,37.55,10,10,1.0
55.71,37.56,10,10,1.0
55.71,37.57,7,7,1.0
55.71,37.58,11,11,1.0
55.71,37.59,19,19,1.0
55.71,37.6,51,51,1.0
55.71,37.61,62,62,1.0
55.71,37.62,65,65,1.0
55.71,37.63,47,47,1.0
55.71,37.64,27,27,1.0
55.71,37.65,7,7,1.0
55.71,37.66,8,8,1.0
55.71,37.67,9,9,1.0
55.71,37.68,10,10,1.0
55.71,37.69,6,6,1.0
55.71,37.7,10,10,1.0
55.71,37.71,11,11,1.0
55.71,37.72,8,8,1.0
55.71,37.73,7,7,1.0
55.71,37.74,3,3,1.0
55.71,37.75,12,12,1.0
55.71,37.76,9,9,1.0
55.71,37.77,5,5,1.0
55.71,37.78,9,9,1.0
55.71,37.79,5,5,1.0
55.71,37.8,7,7,1.0
55.71,37.81,13,13,1.0
55.71,37.82,8,8,1.0
55.71,37.83,3,3,1.0
55.71,37.84,5,5,1.0
55.71,37.85,8,8,1.0
55.71,37.86,7,7,1.0
55.71,37.87,5,5,1.0
55.71,37.88,9,9,1.0
55.71,37.89,11,11,1.0
55.71,37.9,5,5,1.0
55.71,37.91,7,7,1.0
55.72,37.32,3,3,1.0
55.72,37.33,8,8,1.0
55.72,37.34,5,5,1.0
55.72,37.35,12,12,1.0
55.72,37.36,7,7,1.0
55.72,37.37,12,12,1.0
55.72,37.38,5,5,1.0
55.72,37.39,5,5,1.0
55.72,37.4,8,8,1.0
55.72,37.41,8,8,1.0
55.72,37.42,5,5,1.0
55.72,37.43,5,5,1.0
55.72,37.44,1,1,1.0
55.72,37.45,6,6,1.0
55.72,37.46,7,7,1.0
55.72,37.47,8,8,1.0
55.72,37.48,10,10,1.0
55.72,37.49,8,8,1.0
55.72,37.5,7,7,1.0
55.72,37.51,3,3,1.0
55.72,37.52,9,9,1.0
55.72,37.53,6,6,1.0
55.72,37.54,6,6,1.0
55.72,37.55,11,11,1.0
55.72,37.56,7,7,1.0
55.72,37.57,7,7,1.0
55.72,37.58,29,29,1.0
55.72,37.59,121,121,1.0
55.72,37.6,119,119,1.0
55.72,37.61,104,104,1.0
55.72,37.62,78,78,1.0
55.72,37.63,65,65,1.0
55.72,37.64,76,76,1.0
55.72,37.65,52,52,1.0
55.72,37.66,5,5,1.0
55.72,37.67,4,4,1.0
55.72,37.68,10,10,1.0
55.72,37.69,5,5,1.0
55.72,37.7,12,12,1.0
55.72,37.71,3,3,1.0
55.72,37.72,7,7,1.0
55.72,37.73,6,6,1.0
55.72,37.74,9,9,1.0
55.72,37.75,8,8,1.0
55.72,37.76,6,6,1.0
55.72,37.77,11,11,1.0
55.72,37.78,13,13,1.0
55.72,37.79,11,11,1.0
55.72,37.8,7,7,1.0
55.72,37.81,8,8,1.0
55.72,37.82,5,5,1.0
55.72,37.83,8,8,1.0
55.72,37.84,6,6,1.0
55.72,37.85,9,9,1.0
55.72,37.86,10,10,1.0
55.72,37.87,8,8,1.0
55.72,37.88,10,10,1.0
55.72,37.89,6,6,1.0
55.72,37.9,7,7,1.0
55.72,37.91,4,4,1.0
55.73,37.32,4,4,1.0
55.73,37.33,9,9,1.0
55.73,37.34,5,5,1.0
55.73,37.35,4,4,1.0
55.73,37.36,5,5,1.0
55.73,37.37,6,6,1.0
55.73,37.38,4,4,1.0
55.73,37.39,9,9,1.0
55.73,37.4,5,5,1.0
55.73,37.41,6,6,1.0
55.73,37.42,6,6,1.0
55.73,37.43,7,7,1.0
55.73,37.44,7,7,1.0
55.73,37.45,4,4,1.0
55.73,37.46,10,10,1.0
55.73,37.47,6,6,1.0
55.73,37.48,10,10,1.0
55.73,37.49,8,8,1.0
55.73,37.5,6,6,1.0
55.73,37.51,11,11,1.0
55.73,37.52,9,9,1.0
55.73,37.53,7,7,1.0
55.73,37.54,8,8,1.0
55.73,37.55,6,6,1.0
55.73,37.56,4,4,1.0
55.73,37.57,14,14,1.0
55.73,37.58,85,85,1.0
55.73,37.59,143,143,1.0
55.73,37.6,130,130,1.0
55.73,37.61,104,104,1.0
55.73,37.62,69,69,1.0
55.73,37.63,66,66,1.0
55.73,37.64,72,72,1.0
55.73,37.65,61,61,1.0
55.73,37.66,44,44,1.0
55.73,37.67,12,12,1.0
55.73,37.68,4,4,1.0
55.73,37.69,4,4,1.0
55.73,37.7,8,8,1.0
55.73,37.71,7,7,1.0
55.73,37.72,9,9,1.0
55.73,37.73,11,11,1.0
55.73,37.74,9,9,1.0
55.73,37.75,5,5,1.0
55.73,37.76,5,5,1.0
55.73,37.77,3,3,1.0
55.73,37.78,4,4,1.0
55.73,37.79,5,5,1.0
55.73,37.8,5,5,1.0
55.73,37.81,9,9,1.0
55.73,37.82,3,3,1.0
55.73,37.83,4,4,1.0
55.73,37.84,9,9,1.0
55.73,37.85,7,7,1.0
55.73,37.86,6,6,1.0
55.73,37.87,11,11,1.0
55.73,37.88,5,5,1.0
55.73,37.89,11,11,1.0
55.73,37.9,6,6,1.0
55.73,37.91,5,5,1.0
55.73,37.92,1,1,1.0
55.74,37.32,5,5,1.0
55.74,37.33,4,4,1.0
55.74,37.34,9,9,1.0
55.74,37.35,7,7,1.0
55.74,37.36,6,6,1.0
55.74,37.37,9,9,1.0
55.74,37.38,3,3,1.0
55.74,37.39,11,11,1.0
55.74,37.4,8,8,1.0
55.74,37.41,6,6,1.0
55.74,37.42,5,5,1.0
55.74,37.43,8,8,1.0
55.74,37.44,2,2,1.0
55.74,37.45,5,5,1.0
55.74,37.46,8,8,1.0
55.74,37.47,4,4,1.0
55.74,37.48,7,7,1.0
55.74,37.49,8,8,1.0
55.74,37.5,8,8,1.0
55.74,37.51,8,8,1.0
55.74,37.52,4,4,1.0
55.74,37.53,9,9,1.0
55.74,37.54,8,8,1.0
55.74,37.55,7,7,1.0
55.74,37.56,4,4,1.0
55.74,37.57,49,49,1.0
55.74,37.58,66,66,1.0
55.74,37.59,100,100,1.0
55.74,37.6,118,118,1.0
55.74,37.61,88,88,1.0
55.74,37.62,72,72,1.0
55.74,37.63,71,71,1.0
55.74,37.64,73,73,1.0
55.74,37.65,69,69,1.0
55.74,37.66,72,72,1.0
55.74,37.67,8,8,1.0
55.74,37.68,10,10,1.0
55.74,37.69,4,4,1.0
55.74,37.7,6,6,1.0
55.74,37.71,7,7,1.0
55.74,37.72,8,8,1.0
55.74,37.73,9,9,1.0
55.74,37.74,7,7,1.0
55.74,37.75,6,6,1.0
55.74,37.76,8,8,1.0
55.74,37.77,11,11,1.0
55.74,37.78,9,9,1.0
55.74,37.79,6,6,1.0
55.74,37.8,7,7,1.0
55.74,37.81,6,6,1.0
55.74,37.82,6,6,1.0
55.74,37.83,8,8,1.0
55.74,37.84,8,8,1.0
55.74,37.85,6,6,1.0
55.74,37.86,10,10,1.0
55.74,37.87,7,7,1.0
55.74,37.88,10,10,1.0
55.74,37.89,6,6,1.0
55.74,37.9,8,8,1.0
55.74,37.91,3,3,1.0
55.74,37.92,2,2,1.0
55.75,37.32,7,7,1.0
55.75,37.33,13,13,1.0
55.75,37.34,6,6,1.0
55.75,37.35,8,8,1.0
55.75,37.36,8,8,1.0
55.75,37.37,10,10,1.0
55.75,37.38,11,11,1.0
55.75,37.39,4,4,1.0
55.75,37.4,5,5,1.0
55.75,37.41,5,5,1.0
55.75,37.42,9,9,1.0
55.75,37.43,8,8,1.0
55.75,37.44,6,6,1.0
55.75,37.45,10,10,1.0
55.75,37.46,5,5,1.0
55.75,37.47,8,8,1.0
55.75,37.48,7,7,1.0
55.75,37.49,3,3,1.0
55.75,37.5,6,6,1.0
55.75,37.51,4,4,1.0
55.75,37.52,8,8,1.0
55.75,37.53,13,13,1.0
55.75,37.54,10,10,1.0
55.75,37.55,4,4,1.0
55.75,37.56,6,6,1.0
55.75,37.57,58,58,1.0
55.75,37.58,63,63,1.0
55.75,37.59,74,74,1.0
55.75,37.6,73,73,1.0
55.75,37.61,71,71,1.0
55.75,37.62,79,79,1.0
55.75,37.63,68,68,1.0
55.75,37.64,69,69,1.0
55.75,37.65,81,81,1.0
55.75,37.66,67,67,1.0
55.75,37.67,20,20,1.0
55.75,37.68,6,6,1.0
55.75,37.69,9,9,1.0
55.75,37.7,7,7,1.0
55.75,37.71,8,8,1.0
55.75,37.72,12,12,1.0
55.75,37.73,7,7,1.0
55.75,37.74,4,4,1.0
55.75,37.75,5,5,1.0
55.75,37.76,6,6,1.0
55.75,37.77,7,7,1.0
55.75,37.78,7,7,1.0
55.75,37.79,7,7,1.0
55.75,37.8,8,8,1.0
55.75,37.81,10,10,1.0
55.75,37.82,6,6,1.0
55.75,37.83,6,6,1.0
55.75,37.84,8,8,1.0
55.75,37.85,6,6,1.0
55.75,37.86,8,8,1.0
55.75,37.87,5,5,1.0
55.75,37.88,7,7,1.0
55.75,37.89,6,6,1.0
55.75,37.9,6,6,1.0
55.75,37.91,10,10,1.0
55.75,37.92,2,2,1.0
55.76,37.32,5,5,1.0
55.76,37.33,3,3,1.0
55.76,37.34,8,8,1.0
55.76,37.35,6,6,1.0
55.76,37.36,8,8,1.0
55.76,37.37,6,6,1.0
55.76,37.38,7,7,1.0
55.76,37.39,11,11,1.0
55.76,37.4,10,10,1.0
55.76,37.41,5,5,1.0
55.76,37.42,3,3,1.0
55.76,37.43,11,11,1.0
55.76,37.44,3,3,1.0
55.76,37.45,10,10,1.0
55.76,37.46,5,5,1.0
55.76,37.47,12,12,1.0
55.76,37.48,6,6,1.0
55.76,37.49,5,5,1.0
55.76,37.5,10,10,1.0
55.76,37.51,8,8,1.0
55.76,37.52,8,8,1.0
55.76,37.53,7,7,1.0
55.76,37.54,11,11,1.0
55.76,37.55,14,14,1.0
55.76,37.56,10,10,1.0
55.76,37.57,52,52,1.0
55.76,37.58,57,57,1.0
55.76,37.59,80,80,1.0
55.76,37.6,62,62,1.0
55.76,37.61,71,71,1.0
55.76,37.62,94,94,1.0
55.76,37.63,75,75,1.0
55.76,37.64,59,59,1.0
55.76,37.65,74,74,1.0
55.76,37.66,84,84,1.0
55.76,37.67,22,22,1.0
55.76,37.68,7,7,1.0
55.76,37.69,15,15,1.0
55.76,37.7,7,7,1.0
55.76,37.71,14,14,1.0
55.76,37.72,13,13,1.0
55.76,37.73,5,5,1.0
55.76,37.74,6,6,1.0
55.76,37.75,10,10,1.0
55.76,37.76,5,5,1.0
55.76,37.77,5,5,1.0
55.76,37.78,10,10,1.0
55.76,37.79,7,7,1.0
55.76,37.8,9,9,1.0
55.76,37.81,5,5,1.0
55.76,37.82,8,8,1.0
55.76,37.83,13,13,1.0
55.76,37.84,11,11,1.0
55.76,37.85,11,11,1.0
55.76,37.86,3,3,1.0
55.76,37.87,12,12,1.0
55.76,37.88,7,7,1.0
55.76,37.89,11,11,1.0
55.76,37.9,7,7,1.0
55.76,37.91,7,7,1.0
55.76,37.92,3,3,1.0
55.77,37.32,7,7,1.0
55.77,37.33,5,5,1.0
55.77,37.34,9,9,1.0
55.77,37.35,11,11,1.0
55.77,37.36,8,8,1.0
55.77,37.37,6,6,1.0
55.77,37.38,13,13,1.0
55.77,37.39,7,7,1.0
55.77,37.4,9,9,1.0
55.77,37.41,5,5,1.0
55.77,37.42,5,5,1.0
55.77,37.43,10,10,1.0
55.77,37.44,5,5,1.0
55.77,37.45,5,5,1.0
55.77,37.46,8,8,1.0
55.77,37.47,3,3,1.0
55.77,37.48,4,4,1.0
55.77,37.49,3,3,1.0
55.77,37.5,7,7,1.0
55.77,37.51,7,7,1.0
55.77,37.52,10,10,1.0
55.77,37.53,1,1,1.0
55.77,37.54,6,6,1.0
55.77,37.55,9,9,1.0
55.77,37.56,9,9,1.0
55.77,37.57,40,40,1.0
55.77,37.58,78,78,1.0
55.77,37.59,70,70,1.0
55.77,37.6,75,75,1.0
55.77,37.61,70,70,1.0
55.77,37.62,85,85,1.0
55.77,37.63,84,84,1.0
55.77,37.64,65,65,1.0
55.77,37.65,88,88,1.0
55.77,37.66,55,55,1.0
55.77,37.67,12,12,1.0
55.77,37.68,8,8,1.0
55.77,37.69,5,5,1.0
55.77,37.7,3,3,1.0
55.77,37.71,9,9,1.0
55.77,37.72,8,8,1.0
55.77,37.73,9,9,1.0
55.77,37.74,10,10,1.0
55.77,37.75,5,5,1.0
55.77,37.76,6,6,1.0
55.77,37.77,8,8,1.0
55.77,37.78,8,8,1.0
55.77,37.79,5,5,1.0
55.77,37.8,7,7,1.0
55.77,37.81,10,10,1.0
55.77,37.82,6,6,1.0
55.77,37.83,7,7,1.0
55.77,37.84,8,8,1.0
55.77,37.85,4,4,1.0
55.77,37.86,9,9,1.0
55.77,37.87,9,9,1.0
55.77,37.88,7,7,1.0
55.77,37.89,10,10,1.0
55.77,37.9,8,8,1.0
55.77,37.91,4,4,1.0
55.77,37.92,1,1,1.0
55.78,37.32,6,6,1.0
55.78,37.33,5,5,1.0
55.78,37.34,4,4,1.0
55.78,37.35,8,8,1.0
55.78,37.36,12,12,1.0
55.78,37.37,10,10,1.0
55.78,37.38,4,4,1.0
55.78,37.39,9,9,1.0
55.78,37.4,3,3,1.0
55.78,37.41,10,10,1.0
55.78,37.42,9,9,1.0
55.78,37.43,11,11,1.0
55.78,37.44,7,7,1.0
55.78,37.45,6,6,1.0
55.78,37.46,4,4,1.0
55.78,37.47,7,7,1.0
55.78,37.48,10,10,1.0
55.78,37.49,9,9,1.0
55.78,37.5,10,10,1.0
55.78,37.51,10,10,1.0
55.78,37.52,6,6,1.0
55.78,37.53,8,8,1.0
55.78,37.54,6,6,1.0
55.78,37.55,6,6,1.0
55.78,37.56,5,5,1.0
55.78,37.57,18,18,1.0
55.78,37.58,75,75,1.0
55.78,37.59,78,78,1.0
55.78,37.6,65,65,1.0
55.78,37.61,68,68,1.0
55.78,37.62,69,69,1.0
55.78,37.63,71,71,1.0
55.78,37.64,76,76,1.0
55.78,37.65,78,78,1.0
55.78,37.66,49,49,1.0
55.78,37.67,4,4,1.0
55.78,37.68,9,9,1.0
55.78,37.69,13,13,1.0
55.78,37.7,3,3,1.0
55.78,37.71,12,12,1.0
55.78,37.72,5,5,1.0
55.78,37.73,10,10,1.0
55.78,37.74,4,4,1.0
55.78,37.75,8,8,1.0
55.78,37.76,9,9,1.0
55.78,37.77,3,3,1.0
55.78,37.78,6,6,1.0
55.78,37.79,3,3,1.0
55.78,37.8,7,7,1.0
55.78,37.81,6,6,1.0
55.78,37.82,4,4,1.0
55.78,37.83,5,5,1.0
55.78,37.84,7,7,1.0
55.78,37.85,7,7,1.0
55.78,37.86,8,8,1.0
55.78,37.87,4,4,1.0
55.78,37.88,9,9,1.0
55.78,37.89,6,6,1.0
55.78,37.9,7,7,1.0
55.78,37.91,7,7,1.0
55.78,37.92,1,1,1.0
55.79,37.32,3,3,1.0
55.79,37.33,7,7,1.0
55.79,37.34,4,4,1.0
55.79,37.35,7,7,1.0
55.79,37.36,10,10,1.0
55.79,37.37,9,9,1.0
55.79,37.38,8,8,1.0
55.79,37.39,2,2,1.0
55.79,37.4,8,8,1.0
55.79,37.41,7,7,1.0
55.79,37.42,11,11,1.0
55.79,37.43,8,8,1.0
55.79,37.44,10,10,1.0
55.79,37.45,7,7,1.0
55.79,37.46,10,10,1.0
55.79,37.47,10,10,1.0
55.79,37.48,8,8,1.0
55.79,37.49,5,5,1.0
55.79,37.5,4,4,1.0
55.79,37.51,8,8,1.0
55.79,37.52,4,4,1.0
55.79,37.53,6,6,1.0
55.79,37.54,7,7,1.0
55.79,37.55,5,5,1.0
55.79,37.56,6,6,1.0
55.79,37.57,12,12,1.0
55.79,37.58,27,27,1.0
55.79,37.59,78,78,1.0
55.79,37.6,77,77,1.0
55.79,37.61,81,81,1.0
55.79,37.62,55,55,1.0
55.79,37.63,57,57,1.0
55.79,37.64,58,58,1.0
55.79,37.65,59,59,1.0
55.79,37.66,13,13,1.0
55.79,37.67,3,3,1.0
55.79,37.68,8,8,1.0
55.79,37.69,4,4,1.0
55.79,37.7,5,5,1.0
55.79,37.71,3,3,1.0
55.79,37.72,11,11,1.0
55.79,37.73,7,7,1.0
55.79,37.74,7,7,1.0
55.79,37.75,13,13,1.0
55.79,37.76,5,5,1.0
55.79,37.77,8,8,1.0
55.79,37.78,5,5,1.0
55.79,37.79,5,5,1.0
55.79,37.8,6,6,1.0
55.79,37.81,5,5,1.0
55.79,37.82,4,4,1.0
55.79,37.83,12,12,1.0
55.79,37.84,7,7,1.0
55.79,37.85,6,6,1.0
55.79,37.86,5,5,1.0
55.79,37.87,3,3,1.0
55.79,37.88,5,5,1.0
55.79,37.89,6,6,1.0
55.79,37.9,6,6,1.0
55.79,37.91,5,5,1.0
55.8,37.32,5,5,1.0
55.8,37.33,10,10,1.0
55.8,37.34,6,6,1.0
55.8,37.35,13,13,1.0
55.8,37.36,10,10,1.0
55.8,37.37,9,9,1.0
55.8,37.38,3,3,1.0
55.8,37.39,9,9,1.0
55.8,37.4,5,5,1.0
55.8,37.41,6,6,1.0
55.8,37.42,5,5,1.0
55.8,37.43,7,7,1.0
55.8,37.44,3,3,1.0
55.8,37.45,7,7,1.0
55.8,37.46,3,3,1.0
55.8,37.47,4,4,1.0
55.8,37.48,5,5,1.0
55.8,37.49,7,7,1.0
55.8,37.5,7,7,1.0
55.8,37.51,6,6,1.0
55.8,37.52,4,4,1.0
55.8,37.53,3,3,1.0
55.8,37.54,14,14,1.0
55.8,37.55,15,15,1.0
55.8,37.56,4,4,1.0
55.8,37.57,5,5,1.0
55.8,37.58,11,11,1.0
55.8,37.59,24,24,1.0
55.8,37.6,43,43,1.0
55.8,37.61,83,83,1.0
55.8,37.62,65,65,1.0
55.8,37.63,76,76,1.0
55.8,37.64,46,46,1.0
55.8,37.65,7,7,1.0
55.8,37.66,6,6,1.0
55.8,37.67,6,6,1.0
55.8,37.68,6,6,1.0
55.8,37.69,8,8,1.0
55.8,37.7,7,7,1.0
55.8,37.71,11,11,1.0
55.8,37.72,4,4,1.0
55.8,37.73,9,9,1.0
55.8,37.74,9,9,1.0
55.8,37.75,5,5,1.0
55.8,37.76,4,4,1.0
55.8,37.77,6,6,1.0
55.8,37.78,9,9,1.0
55.8,37.79,10,10,1.0
55.8,37.8,11,11,1.0
55.8,37.81,9,9,1.0
55.8,37.82,11,11,1.0
55.8,37.83,4,4,1.0
55.8,37.84,7,7,1.0
55.8,37.85,9,9,1.0
55.8,37.86,7,7,1.0
55.8,37.87,4,4,1.0
55.8,37.88,10,10,1.0
55.8,37.89,7,7,1.0
55.8,37.9,11,11,1.0
55.8,37.91,6,6,1.0
55.81,37.32,1,1,1.0
55.81,37.33,2,2,1.0
55.81,37.34,3,3,1.0
55.81,37.35,9,9,1.0
55.81,37.36,8,8,1.0
55.81,37.37,8,8,1.0
55.81,37.38,5,5,1.0
55.81,37.39,11,11,1.0
55.81,37.4,4,4,1.0
55.81,37.41,9,9,1.0
55.81,37.42,6,6,1.0
55.81,37.43,13,13,1.0
55.81,37.44,6,6,1.0
55.81,37.45,8,8,1.0
55.81,37.46,8,8,1.0
55.81,37.47,11,11,1.0
55.81,37.48,8,8,1.0
55.81,37.49,7,7,1.0
55.81,37.5,11,11,1.0
55.81,37.51,9,9,1.0
55.81,37.52,5,5,1.0
55.81,37.53,12,12,1.0
55.81,37.54,8,8,1.0
55.81,37.55,6,6,1.0
55.81,37.56,5,5,1.0
55.81,37.57,5,5,1.0
55.81,37.58,11,11,1.0
55.81,37.59,9,9,1.0
55.81,37.6,12,12,1.0
55.81,37.61,16,16,1.0
55.81,37.62,9,9,1.0
55.81,37.63,13,13,1.0
55.81,37.64,26,26,1.0
55.81,37.65,9,9,1.0
55.81,37.66,6,6,1.0
55.81,37.67,1,1,1.0
55.81,37.68,4,4,1.0
55.81,37.69,10,10,1.0
55.81,37.7,8,8,1.0
55.81,37.71,10,10,1.0
55.81,37.72,9,9,1.0
55.81,37.73,7,7,1.0
55.81,37.74,6,6,1.0
55.81,37.75,3,3,1.0
55.81,37.76,11,11,1.0
55.81,37.77,11,11,1.0
55.81,37.78,3,3,1.0
55.81,37.79,6,6,1.0
55.81,37.8,4,4,1.0
55.81,37.81,12,12,1.0
55.81,37.82,12,12,1.0
55.81,37.83,3,3,1.0
55.81,37.84,8,8,1.0
55.81,37.85,4,4,1.0
55.81,37.86,6,6,1.0
55.81,37.87,6,6,1.0
55.81,37.88,7,7,1.0
55.81,37.89,7,7,1.0
55.81,37.9,7,7,1.0
55.81,37.91,9,9,1.0
55.82,37.32,1,1,1.0
55.82,37.33,8,8,1.0
55.82,37.34,11,11,1.0
55.82,37.35,11,11,1.0
55.82,37.36,11,11,1.0
55.82,37.37,6,6,1.0
55.82,37.38,12,12,1.0
55.82,37.39,7,7,1.0
55.82,37.4,7,7,1.0
55.82,37.41,4,4,1.0
55.82,37.42,6,6,1.0
55.82,37.43,2,2,1.0
55.82,37.44,6,6,1.0
55.82,37.45,5,5,1.0
55.82,37.46,8,8,1.0
55.82,37.47,7,7,1.0
55.82,37.48,8,8,1.0
55.82,37.49,11,11,1.0
55.82,37.5,1,1,1.0
55.82,37.51,8,8,1.0
55.82,37.52,5,5,1.0
55.82,37.53,8,8,1.0
55.82,37.54,9,9,1.0
55.82,37.55,4,4,1.0
55.82,37.56,7,7,1.0
55.82,37.57,4,4,1.0
55.82,37.58,10,10,1.0
55.82,37.59,3,3,1.0
55.82,37.6,9,9,1.0
55.82,37.61,3,3,1.0
55.82,37.62,5,5,1.0
55.82,37.63,40,40,1.0
55.82,37.64,40,40,1.0
55.82,37.65,23,23,1.0
55.82,37.66,10,10,1.0
55.82,37.67,8,8,1.0
55.82,37.68,7,7,1.0
55.82,37.69,6,6,1.0
55.82,37.7,10,10,1.0
55.82,37.71,8,8,1.0
55.82,37.72,4,4,1.0
55.82,37.73,8,8,1.0
55.82,37.74,9,9,1.0
55.82,37.75,6,6,1.0
55.82,37.76,9,9,1.0
55.82,37.77,11,11,1.0
55.82,37.78,6,6,1.0
55.82,37.79,5,5,1.0
55.82,37.8,3,3,1.0
55.82,37.81,5,5,1.0
55.82,37.82,4,4,1.0
55.82,37.83,7,7,1.0
55.82,37.84,6,6,1.0
55.82,37.85,12,12,1.0
55.82,37.86,3,3,1.0
55.82,37.87,3,3,1.0
55.82,37.88,5,5,1.0
55.82,37.89,7,7,1.0
55.82,37.9,9,9,1.0
55.82,37.91,3,3,1.0
55.83,37.33,4,4,1.0
55.83,37.34,8,8,1.0
55.83,37.35,12,12,1.0
55.83,37.36,8,8,1.0
55.83,37.37,8,8,1.0
55.83,37.38,5,5,1.0
55.83,37.39,8,8,1.0
55.83,37.4,4,4,1.0
55.83,37.41,5,5,1.0
55.83,37.42,2,2,1.0
55.83,37.43,3,3,1.0
55.83,37.44,8,8,1.0
55.83,37.45,7,7,1.0
55.83,37.46,6,6,1.0
55.83,37.47,7,7,1.0
55.83,37.48,5,5,1.0
55.83,37.49,4,4,1.0
55.83,37.5,5,5,1.0
55.83,37.51,3,3,1.0
55.83,37.52,7,7,1.0
55.83,37.53,9,9,1.0
55.83,37.54,6,6,1.0
55.83,37.55,10,10,1.0
55.83,37.56,9,9,1.0
55.83,37.57,7,7,1.0
55.83,37.58,8,8,1.0
55.83,37.59,5,5,1.0
55.83,37.6,4,4,1.0
55.83,37.61,7,7,1.0
55.83,37.62,11,11,1.0
55.83,37.63,41,41,1.0
55.83,37.64,29,29,1.0
55.83,37.65,21,21,1.0
55.83,37.66,4,4,1.0
55.83,37.67,4,4,1.0
55.83,37.68,7,7,1.0
55.83,37.69,7,7,1.0
55.83,37.7,4,4,1.0
55.83,37.71,10,10,1.0
55.83,37.72,8,8,1.0
55.83,37.73,6,6,1.0
55.83,37.74,10,10,1.0
55.83,37.75,14,14,1.0
55.83,37.76,11,11,1.0
55.83,37.77,6,6,1.0
55.83,37.78,10,10,1.0
55.83,37.79,6,6,1.0
55.83,37.8,9,9,1.0
55.83,37.81,6,6,1.0
55.83,37.82,15,15,1.0
55.83,37.83,9,9,1.0
55.83,37.84,9,9,1.0
55.83,37.85,8,8,1.0
55.83,37.86,6,6,1.0
55.83,37.87,8,8,1.0
55.83,37.88,6,6,1.0
55.83,37.89,5,5,1.0
55.83,37.9,5,5,1.0
55.83,37.91,2,2,1.0
55.84,37.33,4,4,1.0
55.84,37.34,8,8,1.0
55.84,37.35,7,7,1.0
55.84,37.36,7,7,1.0
55.84,37.37,10,10,1.0
55.84,37.38,8,8,1.0
55.84,37.39,5,5,1.0
55.84,37.4,8,8,1.0
55.84,37.41,4,4,1.0
55.84,37.42,5,5,1.0
55.84,37.43,10,10,1.0
55.84,37.44,8,8,1.0
55.84,37.45,9,9,1.0
55.84,37.46,6,6,1.0
55.84,37.47,10,10,1.0
55.84,37.48,5,5,1.0
55.84,37.49,10,10,1.0
55.84,37.5,6,6,1.0
55.84,37.51,10,10,1.0
55.84,37.52,6,6,1.0
55.84,37.53,8,8,1.0
55.84,37.54,6,6,1.0
55.84,37.55,12,12,1.0
55.84,37.56,5,5,1.0
55.84,37.57,5,5,1.0
55.84,37.58,12,12,1.0
55.84,37.59,4,4,1.0
55.84,37.6,5,5,1.0
55.84,37.61,7,7,1.0
55.84,37.62,10,10,1.0
55.84,37.63,10,10,1.0
55.84,37.64,22,22,1.0
55.84,37.65,10,10,1.0
55.84,37.66,10,10,1.0
55.84,37.67,8,8,1.0
55.84,37.68,7,7,1.0
55.84,37.69,4,4,1.0
55.84,37.7,5,5,1.0
55.84,37.71,6,6,1.0
55.84,37.72,12,12,1.0
55.84,37.73,7,7,1.0
55.84,37.74,8,8,1.0
55.84,37.75,3,3,1.0
55.84,37.76,3,3,1.0
55.84,37.77,11,11,1.0
55.84,37.78,8,8,1.0
55.84,37.79,9,9,1.0
55.84,37.8,14,14,1.0
55.84,37.81,9,9,1.0
55.84,37.82,5,5,1.0
55.84,37.83,6,6,1.0
55.84,37.84,9,9,1.0
55.84,37.85,7,7,1.0
55.84,37.86,11,11,1.0
55.84,37.87,9,9,1.0
55.84,37.88,10,10,1.0
55.84,37.89,6,6,1.0
55.84,37.9,6,6,1.0
55.84,37.91,1,1,1.0
55.85,37.33,4,4,1.0
55.85,37.34,8,8,1.0
55.85,37.35,5,5,1.0
55.85,37.36,6,6,1.0
55.85,37.37,6,6,1.0
55.85,37.38,10,10,1.0
55.85,37.39,10,10,1.0
55.85,37.4,8,8,1.0
55.85,37.41,9,9,1.0
55.85,37.42,5,5,1.0
55.85,37.43,6,6,1.0
55.85,37.44,6,6,1.0
55.85,37.45,5,5,1.0
55.85,37.46,10,10,1.0
55.85,37.47,6,6,1.0
55.85,37.48,9,9,1.0
55.85,37.49,7,7,1.0
55.85,37.5,8,8,1.0
55.85,37.51,6,6,1.0
55.85,37.52,9,9,1.0
55.85,37.53,11,11,1.0
55.85,37.54,10,10,1.0
55.85,37.55,11,11,1.0
55.85,37.56,12,12,1.0
55.85,37.57,5,5,1.0
55.85,37.58,7,7,1.0
55.85,37.59,9,9,1.0
55.85,37.6,10,10,1.0
55.85,37.61,6,6,1.0
55.85,37.62,6,6,1.0
55.85,37.63,10,10,1.0
55.85,37.64,8,8,1.0
55.85,37.65,3,3,1.0
55.85,37.66,5,5,1.0
55.85,37.67,7,7,1.0
55.85,37.68,11,11,1.0
55.85,37.69,4,4,1.0
55.85,37.7,6,6,1.0
55.85,37.72,5,5,1.0
55.85,37.73,8,8,1.0
55.85,37.74,9,9,1.0
55.85,37.75,9,9,1.0
55.85,37.76,7,7,1.0
55.85,37.77,8,8,1.0
55.85,37.78,3,3,1.0
55.85,37.79,5,5,1.0
55.85,37.8,14,14,1.0
55.85,37.81,6,6,1.0
55.85,37.82,3,3,1.0
55.85,37.83,10,10,1.0
55.85,37.84,10,10,1.0
55.85,37.85,11,11,1.0
55.85,37.86,5,5,1.0
55.85,37.87,6,6,1.0
55.85,37.88,4,4,1.0
55.85,37.89,16,16,1.0
55.85,37.9,6,6,1.0
55.86,37.34,9,9,1.0
55.86,37.35,6,6,1.0
55.86,37.36,6,6,1.0
55.86,37.37,8,8,1.0
55.86,37.38,4,4,1.0
55.86,37.39,9,9,1.0
55.86,37.4,13,13,1.0
55.86,37.41,8,8,1.0
55.86,37.42,11,11,1.0
55.86,37.43,3,3,1.0
55.86,37.44,8,8,1.0
55.86,37.45,8,8,1.0
55.86,37.46,8,8,1.0
55.86,37.47,6,6,1.0
55.86,37.48,10,10,1.0
55.86,37.49,10,10,1.0
55.86,37.5,8,8,1.0
55.86,37.51,6,6,1.0
55.86,37.52,4,4,1.0
55.86,37.53,7,7,1.0
55.86,37.54,5,5,1.0
55.86,37.55,8,8,1.0
55.86,37.56,8,8,1.0
55.86,37.57,8,8,1.0
55.86,37.58,11,11,1.0
55.86,37.59,6,6,1.0
55.86,37.6,12,12,1.0
55.86,37.61,9,9,1.0
55.86,37.62,8,8,1.0
55.86,37.63,14,14,1.0
55.86,37.64,6,6,1.0
55.86,37.65,3,3,1.0
55.86,37.66,7,7,1.0
55.86,37.67,9,9,1.0
55.86,37.68,8,8,1.0
55.86,37.69,4,4,1.0
55.86,37.7,7,7,1.0
55.86,37.71,13,13,1.0
55.86,37.72,10,10,1.0
55.86,37.73,8,8,1.0
55.86,37.74,9,9,1.0
55.86,37.75,4,4,1.0
55.86,37.76,10,10,1.0
55.86,37.77,2,2,1.0
55.86,37.78,4,4,1.0
55.86,37.79,5,5,1.0
55.86,37.8,1,1,1.0
55.86,37.81,4,4,1.0
55.86,37.82,8,8,1.0
55.86,37.83,5,5,1.0
55.86,37.84,8,8,1.0
55.86,37.85,13,13,1.0
55.86,37.86,7,7,1.0
55.86,37.87,4,4,1.0
55.86,37.88,8,8,1.0
55.86,37.89,11,11,1.0
55.86,37.9,4,4,1.0
55.87,37.34,3,3,1.0
55.87,37.35,3,3,1.0
55.87,37.36,12,12,1.0
55.87,37.37,4,4,1.0
55.87,37.38,10,10,1.0
55.87,37.39,6,6,1.0
55.87,37.4,7,7,1.0
55.87,37.41,9,9,1.0
55.87,37.42,4,4,1.0
55.87,37.43,7,7,1.0
55.87,37.44,4,4,1.0
55.87,37.45,8,8,1.0
55.87,37.46,8,8,1.0
55.87,37.47,7,7,1.0
55.87,37.48,4,4,1.0
55.87,37.49,9,9,1.0
55.87,37.5,8,8,1.0
55.87,37.51,9,9,1.0
55.87,37.52,4,4,1.0
55.87,37.53,8,8,1.0
55.87,37.54,6,6,1.0
55.87,37.55,6,6,1.0
55.87,37.56,7,7,1.0
55.87,37.57,6,6,1.0
55.87,37.58,3,3,1.0
55.87,37.59,6,6,1.0
55.87,37.6,7,7,1.0
55.87,37.61,3,3,1.0
55.87,37.62,15,15,1.0
55.87,37.63,6,6,1.0
55.87,37.64,5,5,1.0
55.87,37.65,10,10,1.0
55.87,37.66,12,12,1.0
55.87,37.67,6,6,1.0
55.87,37.68,5,5,1.0
55.87,37.69,6,6,1.0
55.87,37.7,6,6,1.0
55.87,37.71,7,7,1.0
55.87,37.72,4,4,1.0
55.87,37.73,7,7,1.0
55.87,37.74,7,7,1.0
55.87,37.75,5,5,1.0
55.87,37.76,6,6,1.0
55.87,37.77,12,12,1.0
55.87,37.78,11,11,1.0
55.87,37.79,12,12,1.0
55.87,37.8,6,6,1.0
55.87,37.81,10,10,1.0
55.87,37.82,5,5,1.0
55.87,37.83,13,13,1.0
55.87,37.84,2,2,1.0
55.87,37.85,13,13,1.0
55.87,37.86,2,2,1.0
55.87,37.87,10,10,1.0
55.87,37.88,5,5,1.0
55.87,37.89,5,5,1.0
55.87,37.9,1,1,1.0
55.88,37.35,13,13,1.0
55.88,37.36,7,7,1.0
55.88,37.37,6,6,1.0
55.88,37.38,4,4,1.0
55.88,37.39,12,12,1.0
55.88,37.4,7,7,1.0
55.88,37.41,7,7,1.0
55.88,37.42,7,7,1.0
55.88,37.43,12,12,1.0
55.88,37.44,10,10,1.0
55.88,37.45,9,9,1.0
55.88,37.46,10,10,1.0
55.88,37.47,4,4,1.0
55.88,37.48,4,4,1.0
55.88,37.49,6,6,1.0
55.88,37.5,3,3,1.0
55.88,37.51,4,4,1.0
55.88,37.52,7,7,1.0
55.88,37.53,10,10,1.0
55.88,37.54,5,5,1.0
55.88,37.55,10,10,1.0
55.88,37.56,7,7,1.0
55.88,37.57,7,7,1.0
55.88,37.58,4,4,1.0
55.88,37.59,5,5,1.0
55.88,37.6,2,2,1.0
55.88,37.61,6,6,1.0
55.88,37.62,4,4,1.0
55.88,37.63,2,2,1.0
55.88,37.64,6,6,1.0
55.88,37.65,8,8,1.0
55.88,37.66,9,9,1.0
55.88,37.67,8,8,1.0
55.88,37.68,7,7,1.0
55.88,37.69,6,6,1.0
55.88,37.7,10,10,1.0
55.88,37.71,8,8,1.0
55.88,37.72,12,12,1.0
55.88,37.73,8,8,1.0
55.88,37.74,6,6,1.0
55.88,37.75,6,6,1.0
55.88,37.76,6,6,1.0
55.88,37.77,7,7,1.0
55.88,37.78,4,4,1.0
55.88,37.79,7,7,1.0
55.88,37.8,13,13,1.0
55.88,37.81,9,9,1.0
55.88,37.82,8,8,1.0
55.88,37.83,8,8,1.0
55.88,37.84,8,8,1.0
55.88,37.85,7,7,1.0
55.88,37.86,7,7,1.0
55.88,37.87,11,11,1.0
55.88,37.88,5,5,1.0
55.88,37.89,6,6,1.0
55.89,37.35,5,5,1.0
55.89,37.36,7,7,1.0
55.89,37.37,9,9,1.0
55.89,37.38,3,3,1.0
55.89,37.39,8,8,1.0
55.89,37.4,8,8,1.0
55.89,37.41,4,4,1.0
55.89,37.42,2,2,1.0
55.89,37.43,12,12,1.0
55.89,37.44,6,6,1.0
55.89,37.45,4,4,1.0
55.89,37.46,8,8,1.0
55.89,37.47,8,8,1.0
55.89,37.48,8,8,1.0
55.89,37.49,5,5,1.0
55.89,37.5,6,6,1.0
55.89,37.51,6,6,1.0
55.89,37.52,6,6,1.0
55.89,37.53,13,13,1.0
55.89,37.54,8,8,1.0
55.89,37.55,8,8,1.0
55.89,37.56,9,9,1.0
55.89,37.57,7,7,1.0
55.89,37.58,8,8,1.0
55.89,37.59,11,11,1.0
55.89,37.6,7,7,1.0
55.89,37.61,6,6,1.0
55.89,37.62,5,5,1.0
55.89,37.63,8,8,1.0
55.89,37.64,7,7,1.0
55.89,37.65,6,6,1.0
55.89,37.66,4,4,1.0
55.89,37.67,4,4,1.0
55.89,37.68,11,11,1.0
55.89,37.69,6,6,1.0
55.89,37.7,3,3,1.0
55.89,37.71,7,7,1.0
55.89,37.72,2,2,1.0
55.89,37.73,6,6,1.0
55.89,37.74,6,6,1.0
55.89,37.75,3,3,1.0
55.89,37.76,6,6,1.0
55.89,37.77,7,7,1.0
55.89,37.78,3,3,1.0
55.89,37.79,4,4,1.0
55.89,37.8,8,8,1.0
55.89,37.81,4,4,1.0
55.89,37.82,9,9,1.0
55.89,37.83,9,9,1.0
55.89,37.84,7,7,1.0
55.89,37.85,13,13,1.0
55.89,37.86,3,3,1.0
55.89,37.87,6,6,1.0
55.89,37.88,11,11,1.0
55.89,37.89,2,2,1.0
55.9,37.35,2,2,1.0
55.9,37.36,6,6,1.0
55.9,37.37,7,7,1.0
55.9,37.38,6,6,1.0
55.9,37.39,6,6,1.0
55.9,37.4,13,13,1.0
55.9,37.41,7,7,1.0
55.9,37.42,10,10,1.0
55.9,37.43,13,13,1.0
55.9,37.44,4,4,1.0
55.9,37.45,8,8,1.0
55.9,37.46,13,13,1.0
55.9,37.47,9,9,1.0
55.9,37.48,7,7,1.0
55.9,37.49,8,8,1.0
55.9,37.5,4,4,1.0
55.9,37.51,9,9,1.0
55.9,37.52,7,7,1.0
55.9,37.53,7,7,1.0
55.9,37.54,16,16,1.0
55.9,37.55,3,3,1.0
55.9,37.56,11,11,1.0
55.9,37.57,10,10,1.0
55.9,37.58,7,7,1.0
55.9,37.59,5,5,1.0
55.9,37.6,6,6,1.0
55.9,37.61,9,9,1.0
55.9,37.62,5,5,1.0
55.9,37.63,7,7,1.0
55.9,37.64,9,9,1.0
55.9,37.65,7,7,1.0
55.9,37.66,8,8,1.0
55.9,37.67,6,6,1.0
55.9,37.68,7,7,1.0
55.9,37.69,5,5,1.0
55.9,37.7,5,5,1.0
55.9,37.71,7,7,1.0
55.9,37.72,7,7,1.0
55.9,37.73,4,4,1.0
55.9,37.74,4,4,1.0
55.9,37.75,7,7,1.0
55.9,37.76,7,7,1.0
55.9,37.77,6,6,1.0
55.9,37.78,8,8,1.0
55.9,37.79,15,15,1.0
55.9,37.8,6,6,1.0
55.9,37.81,9,9,1.0
55.9,37.82,9,9,1.0
55.9,37.83,7,7,1.0
55.9,37.84,9,9,1.0
55.9,37.85,8,8,1.0
55.9,37.86,8,8,1.0
55.9,37.87,9,9,1.0
55.9,37.88,6,6,1.0
55.91,37.36,5,5,1.0
55.91,37.37,9,9,1.0
55.91,37.38,11,11,1.0
55.91,37.39,8,8,1.0
55.91,37.4,9,9,1.0
55.91,37.41,8,8,1.0
55.91,37.42,4,4,1.0
55.91,37.43,5,5,1.0
55.91,37.44,6,6,1.0
55.91,37.45,14,14,1.0
55.91,37.46,11,11,1.0
55.91,37.47,7,7,1.0
55.91,37.48,12,12,1.0
55.91,37.49,10,10,1.0
55.91,37.5,5,5,1.0
55.91,37.51,4,4,1.0
55.91,37.52,5,5,1.0
55.91,37.53,10,10,1.0
55.91,37.54,6,6,1.0
55.91,37.55,3,3,1.0
55.91,37.56,11,11,1.0
55.91,37.57,7,7,1.0
55.91,37.58,8,8,1.0
55.91,37.59,2,2,1.0
55.91,37.6,10,10,1.0
55.91,37.61,6,6,1.0
55.91,37.62,10,10,1.0
55.91,37.63,5,5,1.0
55.91,37.64,4,4,1.0
55.91,37.65,6,6,1.0
55.91,37.66,3,3,1.0
55.91,37.67,9,9,1.0
55.91,37.68,7,7,1.0
55.91,37.69,7,7,1.0
55.91,37.7,9,9,1.0
55.91,37.71,8,8,1.0
55.91,37.72,7,7,1.0
55.91,37.73,11,11,1.0
55.91,37.74,3,3,1.0
55.91,37.75,10,10,1.0
55.91,37.76,10,10,1.0
55.91,37.77,11,11,1.0
55.91,37.78,7,7,1.0
55.91,37.79,6,6,1.0
55.91,37.8,7,7,1.0
55.91,37.81,12,12,1.0
55.91,37.82,14,14,1.0
55.91,37.83,5,5,1.0
55.91,37.84,8,8,1.0
55.91,37.85,7,7,1.0
55.91,37.86,8,8,1.0
55.91,37.87,3,3,1.0
55.92,37.37,6,6,1.0
55.92,37.38,5,5,1.0
55.92,37.39,8,8,1.0
55.92,37.4,6,6,1.0
55.92,37.41,9,9,1.0
55.92,37.42,7,7,1.0
55.92,37.43,5,5,1.0
55.92,37.44,9,9,1.0
55.92,37.45,10,10,1.0
55.92,37.46,11,11,1.0
55.92,37.47,5,5,1.0
55.92,37.48,6,6,1.0
55.92,37.49,9,9,1.0
55.92,37.5,7,7,1.0
55.92,37.51,6,6,1.0
55.92,37.52,5,5,1.0
55.92,37.53,10,10,1.0
55.92,37.54,8,8,1.0
55.92,37.55,8,8,1.0
55.92,37.56,5,5,1.0
55.92,37.57,6,6,1.0
55.92,37.58,7,7,1.0
55.92,37.59,9,9,1.0
55.92,37.6,8,8,1.0
55.92,37.61,8,8,1.0
55.92,37.62,7,7,1.0
55.92,37.63,6,6,1.0
55.92,37.64,15,15,1.0
55.92,37.65,9,9,1.0
55.92,37.66,10,10,1.0
55.92,37.67,9,9,1.0
55.92,37.68,10,10,1.0
55.92,37.69,9,9,1.0
55.92,37.7,4,4,1.0
55.92,37.71,9,9,1.0
55.92,37.72,12,12,1.0
55.92,37.73,6,6,1.0
55.92,37.74,9,9,1.0
55.92,37.75,11,11,1.0
55.92,37.76,7,7,1.0
55.92,37.77,4,4,1.0
55.92,37.78,10,10,1.0
55.92,37.79,11,11,1.0
55.92,37.8,7,7,1.0
55.92,37.81,7,7,1.0
55.92,37.82,11,11,1.0
55.92,37.83,3,3,1.0
55.92,37.84,13,13,1.0
55.92,37.85,7,7,1.0
55.92,37.86,9,9,1.0
55.92,37.87,1,1,1.0
55.93,37.38,5,5,1.0
55.93,37.39,9,9,1.0
55.93,37.4,10,10,1.0
55.93,37.41,5,5,1.0
55.93,37.42,5,5,1.0
55.93,37.43,8,8,1.0
55.93,37.44,8,8,1.0
55.93,37.45,7,7,1.0
55.93,37.46,7,7,1.0
55.93,37.47,7,7,1.0
55.93,37.48,7,7,1.0
55.93,37.49,9,9,1.0
55.93,37.5,4,4,1.0
55.93,37.51,8,8,1.0
55.93,37.52,4,4,1.0
55.93,37.53,5,5,1.0
55.93,37.54,3,3,1.0
55.93,37.55,5,5,1.0
55.93,37.56,5,5,1.0
55.93,37.57,6,6,1.0
55.93,37.58,11,11,1.0
55.93,37.59,6,6,1.0
55.93,37.6,8,8,1.0
55.93,37.61,11,11,1.0
55.93,37.62,9,9,1.0
55.93,37.63,6,6,1.0
55.93,37.64,8,8,1.0
55.93,37.65,7,7,1.0
55.93,37.66,7,7,1.0
55.93,37.67,2,2,1.0
55.93,37.68,7,7,1.0
55.93,37.69,10,10,1.0
55.93,37.7,6,6,1.0
55.93,37.71,8,8,1.0
55.93,37.72,9,9,1.0
55.93,37.73,4,4,1.0
55.93,37.74,5,5,1.0
55.93,37.75,9,9,1.0
55.93,37.76,9,9,1.0
55.93,37.77,8,8,1.0
55.93,37.78,6,6,1.0
55.93,37.79,2,2,1.0
55.93,37.8,12,12,1.0
55.93,37.81,7,7,1.0
55.93,37.82,6,6,1.0
55.93,37.83,7,7,1.0
55.93,37.84,8,8,1.0
55.93,37.85,7,7,1.0
55.93,37.86,4,4,1.0
55.94,37.38,6,6,1.0
55.94,37.39,9,9,1.0
55.94,37.4,5,5,1.0
55.94,37.41,14,14,1.0
55.94,37.42,6,6,1.0
55.94,37.43,9,9,1.0
55.94,37.44,8,8,1.0
55.94,37.45,6,6,1.0
55.94,37.46,8,8,1.0
55.94,37.47,8,8,1.0
55.94,37.48,13,13,1.0
55.94,37.49,10,10,1.0
55.94,37.5,9,9,1.0
55.94,37.51,12,12,1.0
55.94,37.52,9,9,1.0
55.94,37.53,4,4,1.0
55.94,37.54,9,9,1.0
55.94,37.55,6,6,1.0
55.94,37.56,7,7,1.0
55.94,37.57,6,6,1.0
55.94,37.58,6,6,1.0
55.94,37.59,9,9,1.0
55.94,37.6,3,3,1.0
55.94,37.61,4,4,1.0
55.94,37.62,5,5,1.0
55.94,37.63,7,7,1.0
55.94,37.64,10,10,1.0
55.94,37.65,4,4,1.0
55.94,37.66,7,7,1.0
55.94,37.67,9,9,1.0
55.94,37.68,6,6,1.0
55.94,37.69,9,9,1.0
55.94,37.7,2,2,1.0
55.94,37.71,6,6,1.0
55.94,37.72,10,10,1.0
55.94,37.73,3,3,1.0
55.94,37.74,8,8,1.0
55.94,37.75,5,5,1.0
55.94,37.76,9,9,1.0
55.94,37.77,6,6,1.0
55.94,37.78,7,7,1.0
55.94,37.79,7,7,1.0
55.94,37.8,4,4,1.0
55.94,37.81,4,4,1.0
55.94,37.82,7,7,1.0
55.94,37.83,11,11,1.0
55.94,37.84,7,7,1.0
55.94,37.85,9,9,1.0
55.94,37.86,1,1,1.0
55.95,37.39,3,3,1.0
55.95,37.4,10,10,1.0
55.95,37.42,5,5,1.0
55.95,37.43,5,5,1.0
55.95,37.44,7,7,1.0
55.95,37.45,10,10,1.0
55.95,37.46,5,5,1.0
55.95,37.47,5,5,1.0
55.95,37.48,7,7,1.0
55.95,37.49,10,10,1.0
55.95,37.5,5,5,1.0
55.95,37.51,9,9,1.0
55.95,37.52,8,8,1.0
55.95,37.53,6,6,1.0
55.95,37.54,7,7,1.0
55.95,37.55,10,10,1.0
55.95,37.56,3,3,1.0
55.95,37.57,4,4,1.0
55.95,37.58,8,8,1.0
55.95,37.59,5,5,1.0
55.95,37.6,7,7,1.0
55.95,37.61,6,6,1.0
55.95,37.62,6,6,1.0
55.95,37.63,7,7,1.0
55.95,37.64,6,6,1.0
55.95,37.65,9,9,1.0
55.95,37.66,5,5,1.0
55.95,37.67,4,4,1.0
55.95,37.68,13,13,1.0
55.95,37.69,10,10,1.0
55.95,37.7,4,4,1.0
55.95,37.71,13,13,1.0
55.95,37.72,10,10,1.0
55.95,37.73,6,6,1.0
55.95,37.74,4,4,1.0
55.95,37.75,5,5,1.0
55.95,37.76,7,7,1.0
55.95,37.77,5,5,1.0
55.95,37.78,9,9,1.0
55.95,37.79,8,8,1.0
55.95,37.8,2,2,1.0
55.95,37.81,5,5,1.0
55.95,37.82,5,5,1.0
55.95,37.83,11,11,1.0
55.95,37.84,7,7,1.0
55.95,37.85,1,1,1.0
55.96,37.17,17,17,1.0
55.96,37.18,148,148,1.0
55.96,37.19,56,56,1.0
55.96,37.4,9,9,1.0
55.96,37.41,200,200,1.0
55.96,37.42,138,138,1.0
55.96,37.43,6,6,1.0
55.96,37.44,8,8,1.0
55.96,37.45,6,6,1.0
55.96,37.46,7,7,1.0
55.96,37.47,6,6,1.0
55.96,37.48,6,6,1.0
55.96,37.49,1,1,1.0
55.96,37.5,6,6,1.0
55.96,37.51,13,13,1.0
55.96,37.52,6,6,1.0
55.96,37.53,8,8,1.0
55.96,37.54,6,6,1.0
55.96,37.55,4,4,1.0
55.96,37.56,10,10,1.0
55.96,37.57,9,9,1.0
55.96,37.58,12,12,1.0
55.96,37.59,6,6,1.0
55.96,37.6,8,8,1.0
55.96,37.61,9,9,1.0
55.96,37.62,7,7,1.0
55.96,37.63,7,7,1.0
55.96,37.64,10,10,1.0
55.96,37.65,6,6,1.0
55.96,37.66,10,10,1.0
55.96,37.67,9,9,1.0
55.96,37.68,7,7,1.0
55.96,37.69,8,8,1.0
55.96,37.7,6,6,1.0
55.96,37.71,9,9,1.0
55.96,37.72,8,8,1.0
55.96,37.73,3,3,1.0
55.96,37.74,5,5,1.0
55.96,37.75,7,7,1.0
55.96,37.76,8,8,1.0
55.96,37.77,9,9,1.0
55.96,37.78,6,6,1.0
55.96,37.79,5,5,1.0
55.96,37.8,6,6,1.0
55.96,37.81,5,5,1.0
55.96,37.82,8,8,1.0
55.96,37.83,5,5,1.0
55.96,37.84,2,2,1.0
55.97,37.16,42,42,1.0
55.97,37.17,624,624,1.0
55.97,37.18,767,767,1.0
55.97,37.19,727,727,1.0
55.97,37.2,135,135,1.0
55.97,37.4,21,21,1.0
55.97,37.41,1481,1481,1.0
55.97,37.42,1391,1391,1.0
55.97,37.43,11,11,1.0
55.97,37.44,11,11,1.0
55.97,37.45,6,6,1.0
55.97,37.46,7,7,1.0
55.97,37.47,6,6,1.0
55.97,37.48,8,8,1.0
55.97,37.49,6,6,1.0
55.97,37.5,9,9,1.0
55.97,37.51,7,7,1.0
55.97,37.52,9,9,1.0
55.97,37.53,10,10,1.0
55.97,37.54,8,8,1.0
55.97,37.55,4,4,1.0
55.97,37.56,4,4,1.0
55.97,37.57,9,9,1.0
55.97,37.58,5,5,1.0
55.97,37.59,5,5,1.0
55.97,37.6,9,9,1.0
55.97,37.61,8,8,1.0
55.97,37.62,6,6,1.0
55.97,37.63,8,8,1.0
55.97,37.64,6,6,1.0
55.97,37.65,7,7,1.0
55.97,37.66,7,7,1.0
55.97,37.67,7,7,1.0
55.97,37.68,7,7,1.0
55.97,37.69,3,3,1.0
55.97,37.7,7,7,1.0
55.97,37.71,6,6,1.0
55.97,37.72,6,6,1.0
55.97,37.73,12,12,1.0
55.97,37.74,10,10,1.0
55.97,37.75,5,5,1.0
55.97,37.76,4,4,1.0
55.97,37.77,7,7,1.0
55.97,37.78,11,11,1.0
55.97,37.79,6,6,1.0
55.97,37.8,4,4,1.0
55.97,37.81,12,12,1.0
55.97,37.82,7,7,1.0
55.97,37.83,1,1,1.0
55.98,37.16,264,264,1.0
55.98,37.17,776,776,1.0
55.98,37.18,724,724,1.0
55.98,37.19,739,739,1.0
55.98,37.2,484,484,1.0
55.98,37.41,899,899,1.0
55.98,37.42,866,866,1.0
55.98,37.43,6,6,1.0
55.98,37.44,5,5,1.0
55.98,37.45,2,2,1.0
55.98,37.46,5,5,1.0
55.98,37.47,6,6,1.0
55.98,37.48,8,8,1.0
55.98,37.49,8,8,1.0
55.98,37.5,10,10,1.0
55.98,37.51,10,10,1.0
55.98,37.52,4,4,1.0
55.98,37.53,10,10,1.0
55.98,37.54,11,11,1.0
55.98,37.55,10,10,1.0
55.98,37.56,6,6,1.0
55.98,37.57,6,6,1.0
55.98,37.58,7,7,1.0
55.98,37.59,3,3,1.0
55.98,37.6,10,10,1.0
55.98,37.61,8,8,1.0
55.98,37.62,7,7,1.0
55.98,37.63,3,3,1.0
55.98,37.64,6,6,1.0
55.98,37.65,9,9,1.0
55.98,37.66,5,5,1.0
55.98,37.67,5,5,1.0
55.98,37.68,10,10,1.0
55.98,37.69,5,5,1.0
55.98,37.7,2,2,1.0
55.98,37.71,5,5,1.0
55.98,37.72,4,4,1.0
55.98,37.73,11,11,1.0
55.98,37.74,9,9,1.0
55.98,37.75,4,4,1.0
55.98,37.76,3,3,1.0
55.98,37.77,7,7,1.0
55.98,37.78,8,8,1.0
55.98,37.79,5,5,1.0
55.98,37.8,9,9,1.0
55.98,37.81,7,7,1.0
55.99,37.16,134,134,1.0
55.99,37.17,741,741,1.0
55.99,37.18,777,777,1.0
55.99,37.19,753,753,1.0
55.99,37.2,362,362,1.0
55.99,37.43,4,4,1.0
55.99,37.44,5,5,1.0
55.99,37.45,8,8,1.0
55.99,37.46,6,6,1.0
55.99,37.47,2,2,1.0
55.99,37.48,7,7,1.0
55.99,37.49,9,9,1.0
55.99,37.5,6,6,1.0
55.99,37.51,5,5,1.0
55.99,37.52,11,11,1.0
55.99,37.53,9,9,1.0
55.99,37.54,6,6,1.0
55.99,37.55,13,13,1.0
55.99,37.56,6,6,1.0
55.99,37.57,13,13,1.0
55.99,37.58,10,10,1.0
55.99,37.59,7,7,1.0
55.99,37.6,6,6,1.0
55.99,37.61,11,11,1.0
55.99,37.62,7,7,1.0
55.99,37.63,6,6,1.0
55.99,37.64,9,9,1.0
55.99,37.65,8,8,1.0
55.99,37.66,11,11,1.0
55.99,37.67,6,6,1.0
55.99,37.68,6,6,1.0
55.99,37.69,7,7,1.0
55.99,37.7,12,12,1.0
55.99,37.71,10,10,1.0
55.99,37.72,5,5,1.0
55.99,37.73,7,7,1.0
55.99,37.74,7,7,1.0
55.99,37.75,4,4,1.0
55.99,37.76,12,12,1.0
55.99,37.77,6,6,1.0
55.99,37.78,10,10,1.0
55.99,37.79,7,7,1.0
55.99,37.8,7,7,1.0
55.99,37.81,3,3,1.0
56.0,37.17,236,236,1.0
56.0,37.18,539,539,1.0
56.0,37.19,392,392,1.0
56.0,37.2,10,10,1.0
56.0,37.44,3,3,1.0
56.0,37.45,4,4,1.0
56.0,37.46,7,7,1.0
56.0,37.47,14,14,1.0
56.0,37.48,14,14,1.0
56.0,37.49,5,5,1.0
56.0,37.5,4,4,1.0
56.0,37.51,6,6,1.0
56.0,37.52,9,9,1.0
56.0,37.53,7,7,1.0
56.0,37.54,4,4,1.0
56.0,37.55,8,8,1.0
56.0,37.56,3,3,1.0
56.0,37.57,6,6,1.0
56.0,37.58,8,8,1.0
56.0,37.59,5,5,1.0
56.0,37.6,6,6,1.0
56.0,37.61,7,7,1.0
56.0,37.62,6,6,1.0
56.0,37.63,9,9,1.0
56.0,37.64,5,5,1.0
56.0,37.65,6,6,1.0
56.0,37.66,11,11,1.0
56.0,37.67,7,7,1.0
56.0,37.68,4,4,1.0
56.0,37.69,5,5,1.0
56.0,37.7,12,12,1.0
56.0,37.71,7,7,1.0
56.0,37.72,14,14,1.0
56.0,37.73,12,12,1.0
56.0,37.74,10,10,1.0
56.0,37.75,4,4,1.0
56.0,37.76,3,3,1.0
56.0,37.77,3,3,1.0
56.0,37.78,6,6,1.0
56.0,37.79,8,8,1.0
56.0,37.8,1,1,1.0
56.01,37.45,1,1,1.0
56.01,37.46,6,6,1.0
56.01,37.47,8,8,1.0
56.01,37.48,10,10,1.0
56.01,37.49,10,10,1.0
56.01,37.5,5,5,1.0
56.01,37.51,8,8,1.0
56.01,37.52,10,10,1.0
56.01,37.53,10,10,1.0
56.01,37.54,12,12,1.0
56.01,37.55,6,6,1.0
56.01,37.56,6,6,1.0
56.01,37.57,6,6,1.0
56.01,37.58,7,7,1.0
56.01,37.59,8,8,1.0
56.01,37.6,10,10,1.0
56.01,37.61,11,11,1.0
56.01,37.62,8,8,1.0
56.01,37.63,18,18,1.0
56.01,37.64,10,10,1.0
56.01,37.65,7,7,1.0
56.01,37.66,4,4,1.0
56.01,37.67,10,10,1.0
56.01,37.68,15,15,1.0
56.01,37.69,2,2,1.0
56.01,37.7,8,8,1.0
56.01,37.71,7,7,1.0
56.01,37.72,13,13,1.0
56.01,37.73,4,4,1.0
56.01,37.74,3,3,1.0
56.01,37.75,7,7,1.0
56.01,37.76,10,10,1.0
56.01,37.77,6,6,1.0
56.01,37.78,2,2,1.0
56.02,37.47,1,1,1.0
56.02,37.48,4,4,1.0
56.02,37.49,6,6,1.0
56.02,37.5,7,7,1.0
56.02,37.51,7,7,1.0
56.02,37.52,3,3,1.0
56.02,37.53,9,9,1.0
56.02,37.54,6,6,1.0
56.02,37.55,5,5,1.0
56.02,37.56,10,10,1.0
56.02,37.57,8,8,1.0
56.02,37.58,3,3,1.0
56.02,37.59,4,4,1.0
56.02,37.6,6,6,1.0
56.02,37.61,10,10,1.0
56.02,37.62,6,6,1.0
56.02,37.63,5,5,1.0
56.02,37.64,6,6,1.0
56.02,37.65,8,8,1.0
56.02,37.66,4,4,1.0
56.02,37.67,7,7,1.0
56.02,37.68,8,8,1.0
56.02,37.69,7,7,1.0
56.02,37.7,7,7,1.0
56.02,37.71,12,12,1.0
56.02,37.72,4,4,1.0
56.02,37.73,3,3,1.0
56.02,37.74,6,6,1.0
56.02,37.75,3,3,1.0
56.02,37.76,3,3,1.0
56.03,37.49,5,5,1.0
56.03,37.5,4,4,1.0
56.03,37.51,7,7,1.0
56.03,37.52,6,6,1.0
56.03,37.53,10,10,1.0
56.03,37.54,11,11,1.0
56.03,37.55,7,7,1.0
56.03,37.56,11,11,1.0
56.03,37.57,8,8,1.0
56.03,37.58,2,2,1.0
56.03,37.59,8,8,1.0
56.03,37.6,8,8,1.0
56.03,37.61,11,11,1.0
56.03,37.62,5,5,1.0
56.03,37.63,7,7,1.0
56.03,37.64,7,7,1.0
56.03,37.65,2,2,1.0
56.03,37.66,4,4,1.0
56.03,37.67,9,9,1.0
56.03,37.68,6,6,1.0
56.03,37.69,11,11,1.0
56.03,37.7,2,2,1.0
56.03,37.71,9,9,1.0
56.03,37.72,12,12,1.0
56.03,37.73,6,6,1.0
56.03,37.74,4,4,1.0
56.04,37.51,1,1,1.0
56.04,37.52,3,3,1.0
56.04,37.53,6,6,1.0
56.04,37.54,9,9,1.0
56.04,37.55,13,13,1.0
56.04,37.56,6,6,1.0
56.04,37.57,13,13,1.0
56.04,37.58,9,9,1.0
56.04,37.59,13,13,1.0
56.04,37.6,7,7,1.0
56.04,37.61,13,13,1.0
56.04,37.62,9,9,1.0
56.04,37.63,7,7,1.0
56.04,37.64,7,7,1.0
56.04,37.65,9,9,1.0
56.04,37.66,7,7,1.0
56.04,37.67,11,11,1.0
56.04,37.68,6,6,1.0
56.04,37.69,7,7,1.0
56.04,37.7,3,3,1.0
56.04,37.71,2,2,1.0
56.04,37.72,2,2,1.0
56.05,37.55,3,3,1.0
56.05,37.56,1,1,1.0
56.05,37.57,4,4,1.0
56.05,37.58,3,3,1.0
56.05,37.59,8,8,1.0
56.05,37.6,7,7,1.0
56.05,37.61,9,9,1.0
56.05,37.62,5,5,1.0
56.05,37.63,11,11,1.0
56.05,37.64,8,8,1.0
56.05,37.65,3,3,1.0
56.05,37.66,10,10,1.0
56.05,37.67,6,6,1.0
56.05,37.68,4,4,1.0
56.06,37.61,1,1,1.0
56.06,37.63,1,1,1.0
